,address,long,lat,property_type,property_cost(Rmb/m^2/month),total_area(m2),number_of_units,year_built,parking_spots,volume_rate,green_rating(%),ratio
1553,中汇花园,31.044786,121.74993799999999,0,0.8,6136,300,2007,100,12,30,0.8137617588802394
3742,牡丹新村,31.159725,121.35459099999999,0,0.5,50000,231,1996,34,2,30,-0.7420507874287298
4002,鸿福新村,31.130442,121.425372,0,0.4,4500,816,1994,150,13,35,-0.20691888004551431
4003,豪嘉府邸,31.186257,121.394641,1,5.0,6541,16,1998,16,38,64,1.615736803060307
4004,秀枫翠谷,31.164590000000004,121.371177,0,0.6,150000,800,1996,57,15,30,-0.055293947261039006
4005,沪江新苑,31.182321,121.354818,0,0.5,36000,868,2000,120,12,35,-0.319987959601635
4007,苹果园(公寓),31.180182000000002,121.397327,0,1.0,70000,630,1998,125,12,46,0.05033172901377753
4008,旅专小区,31.185839,121.40343500000002,0,0.8,3500,420,1998,50,11,20,-0.10333757867353399
4011,虹梅佳苑,31.127678999999997,121.425421,0,0.7,35000,381,2004,50,17,35,-0.1460321927451979
4012,莲浦花苑,31.132375,121.40181499999998,0,1.5,100000,888,1998,150,14,50,-0.18497244540344113
4013,现代苑,31.043189,121.47337900000001,0,0.8,12000,1380,2003,670,145,40,-0.3866757075833716
4015,蓼花汀花园(公寓),31.142139,121.37011799999999,0,2.3,20000,392,2005,287,17,55,0.11963927305795248
4016,北欧丽景,31.021788,121.43743400000001,0,1.1,8665,90,2000,50,16,35,-0.374172158202011
4049,水景书香园,31.15609000000001,121.370741,0,1.2,60000,308,2007,388,16,40,0.2419623304794837
4050,富岩路328弄小区,31.037941999999997,121.37706000000001,0,0.3,20000,2042,1995,240,18,40,-0.5220611734329167
4052,嘉丽苑,31.1637,121.355974,0,0.8,27000,112,2008,80,15,30,0.31871566138230356
4055,奥塞花园,31.103672999999997,121.39777600000001,0,0.9,200000,1200,2005,360,21,40,0.022078395232232418
4056,龙柏公寓,31.188143,121.373521,0,1.0,60000,500,1995,200,2,35,-0.19831094335927535
4061,水清一村,31.120209999999997,121.38626299999999,0,1.0,44200,520,1994,100,18,30,-0.09494762899586144
4063,金美苑,31.157745000000002,121.349719,0,0.5,20000,144,1998,26,13,35,-0.3170439234652244
4065,莲花苑,31.130640999999997,121.41540400000001,0,0.5,350,450,1998,50,18,35,-0.25722726525524425
4066,红旗花苑,31.015815000000003,121.40938799999999,0,0.3,2000,650,1996,120,18,35,-0.44242683769805713
4067,莘松四村,31.110951,121.37576499999999,0,0.5,3000,597,1994,100,15,36,-0.2240433482752561
4068,源梦苑,31.118917,121.42926499999999,0,0.54,18000,600,2002,115,19,40,-0.23712642532721895
4069,欣源公寓,31.166142999999998,121.35556299999999,0,0.8,60000,186,1995,59,15,40,-0.23178421126955664
4071,世纪苑,31.137622999999998,121.413643,0,1.5,170000,1832,2002,428,22,50,-0.027261462151881573
4072,春意苑,31.134059000000004,121.392423,0,0.8,55000,320,2002,200,18,41,-0.061590561777743365
4073,星丰苑,31.133767,121.38561299999999,0,1.0,3500,1200,1999,350,2,30,-0.22724341828782516
4074,普乐二村,31.12101,121.43029299999999,0,1.0,3000,620,1998,23,2,40,-0.22807626685844543
4077,保利名苑(公寓),31.149378000000002,121.358248,0,2.0,100000,423,2004,128,93,40,-0.09208989913796267
4079,报春四村,31.126174,121.38221100000001,0,0.35,2300,230,1994,87,2,40,-0.2905242785904359
4080,和嘉公寓,31.160228999999998,121.40033600000001,0,1.0,33000,210,2003,64,15,37,0.14504479287237906
4081,东苑佳佳花园,31.132026,121.39785900000001,0,0.6,300000,696,1998,120,18,30,-0.12039621641538718
4082,金榜家园,31.045536,121.416652,0,0.9,42500,300,2006,129,18,40,-0.3981713241061973
4084,绿水家园,31.104564,121.39448300000001,0,1.0,125000,326,2005,163,22,35,-0.1458049861012596
4088,罗秀新苑,31.132929999999998,121.416719,0,0.44,14000,320,1996,35,2,30,-0.16317512049826843
4089,地铁明珠苑,31.119034999999997,121.39194099999999,0,1.5,56320,200,2001,190,256,37,-0.14325510971954905
4153,上海花园(公寓),31.141639,121.41098799999999,0,3.9,185106,126,1997,263,2,50,0.14152171751918044
4154,半岛豪门,31.141104,121.387095,1,1.6,8000,150,2007,150,57,45,-0.07253954092498695
4156,枫荷兰庭,31.152240999999997,121.36016599999999,0,1.5,11976,96,2009,96,18,35,-0.06039323902774
4158,万泰公寓,31.164406,121.354118,0,0.8,80000,426,1998,57,136,36,-0.2594898530389595
4160,惠明苑,31.151715999999997,121.353426,0,1.5,74346,103,2008,300,165,35,-0.2105002289741261
4163,莘浜路380弄小区,31.108814000000002,121.381723,0,0.5,1300,100,1995,50,15,33,-0.5443503961319186
4165,龙柏七村公寓,31.181564,121.369018,0,0.8,2000,1128,1996,200,12,35,-0.20082016460810173
4168,莘建新村,31.111493,121.380358,0,0.35,1500,100,1984,11,16,30,-0.44310676070402205
4169,莘西路122弄小区,31.108204999999998,121.381809,0,0.5,1500,60,1998,50,16,33,-0.5572009686547045
4175,环镇西路41弄小区,31.181915999999998,121.39941200000001,0,0.45,6000,192,1988,120,189,35,-0.08419497180202891
4176,莱茵春舍,31.158579,121.355248,0,1.2,8000,359,2000,62,13,40,-0.08231029198174285
4182,莘松二村,31.112861,121.377691,0,0.55,20000,597,1989,150,13,30,-0.14622916067718922
4184,龙祥嘉园(公寓),31.139308000000003,121.38975,0,1.1,100000,212,2008,120,1,50,0.07774433695578224
4187,碧春园,31.105666999999997,121.375252,0,0.8,5000,36,1997,36,12,26,-0.3521726566861636
4192,吴中路830弄小区,31.185638,121.39872700000001,0,0.4,60000,600,1990,80,18,30,-0.016369747662419873
4193,沁春园三村,31.101744,121.381736,0,1.0,242000,432,1996,120,2,38,-0.1917050864184688
4198,宝南新村(南区),31.153853,121.360413,0,1.2,40000,462,1998,16,15,30,-0.22033119710100757
4199,航华一村一街坊北小区,31.183441,121.36400900000001,0,0.4,5000,236,1995,80,14,30,-0.2540768514233112
4200,东苑世纪茗苑,31.115428,121.38411799999999,0,1.5,30000,220,2001,150,11,35,-0.10910909214797826
4202,金泰公寓,31.164554,121.366194,0,0.8,61019,600,2000,84,15,35,-0.016596317540303416
4204,颛溪七村,31.07175100000001,121.40091299999999,0,0.8,26000,530,2001,100,162,35,-0.31504040348189205
4207,金竹园,31.097732,121.39223899999999,0,0.8,25230,237,2000,150,143,40,-0.29000634715663676
4208,虹梅路2986弄小区,31.187721999999997,121.400282,0,0.7,1500,500,1985,100,12,35,-0.04797772827685745
4209,锦绣人家,31.094015000000002,121.39003000000001,0,0.52,14000,200,1999,70,15,40,-0.29992863605176195
4210,锦华公寓,31.190974,121.418038,0,1.0,40000,100,1997,20,15,27,0.018489959626571132
4211,鹤庆苑,31.020024,121.421702,0,0.6,33000,460,2001,120,143,40,-0.30943487213847437
4212,虹井小区,31.191974,121.37541100000001,0,0.6,8900,456,1995,120,18,35,-0.11771236251647937
4214,紫薇二村,31.21043,121.30408500000001,0,1.0,350000,840,2000,160,15,36,-0.3475970315032788
4217,绿野香舟,31.147387,121.364724,0,2.4,250000,243,2002,90,16,40,-0.011438580910498486
4220,虹莘新村(南区),31.134656,121.391001,0,0.6,43000,640,1999,85,2,30,-0.10864979680040242
4222,莘松七村,31.114673,121.373531,0,0.8,5000,1152,1993,300,13,40,-0.18155644364993961
4224,益文苑,31.143459999999997,121.41817900000001,0,0.8,508500,50,2002,10,2,40,-0.10640476576787179
4228,牡丹公寓,31.157072999999997,121.35673100000001,0,0.5,50000,423,1996,46,2,40,-0.17768630218425155
4230,紫藤二村,31.136692,121.417702,0,0.8,508500,260,1994,30,19,35,-0.18283496447739137
4232,永怡公寓,31.19138,121.37428700000001,0,0.8,40000,460,2002,120,18,35,-0.10467776754667117
4233,柳明公寓,31.107954,121.3743,0,1.0,25000,3340,2002,60,17,35,-0.4808985195284978
4236,龙柏三村新悦公寓,31.186688,121.375026,0,0.5,2000,72,2001,40,14,40,-0.13298634180431976
4239,明泉花园,31.163396999999996,121.358829,0,0.7,50000,364,2008,43,12,30,-0.383316595252891
4241,凯利大楼,31.1069,121.393529,0,1.4,29800,216,1998,50,27,30,-0.2596623768854553
4242,华梅花苑,31.16106,121.409706,0,0.43,39800,840,2000,180,12,30,-0.0032981587484533247
4244,华莘花园,31.160852000000002,121.348129,0,0.8,70000,346,1999,24,15,35,-0.23517304248577162
4245,华都公寓,31.190139000000002,121.3724,0,1.2,8542,456,2000,150,18,38,-0.13559479627042334
4246,古美一村,31.149471000000002,121.40804399999999,0,0.56,4500,630,1995,200,15,40,-0.11710832670474038
4247,古美七村,31.149997999999997,121.414897,0,0.8,110000,1080,1996,70,13,35,-0.07937249861394692
4248,古美三村,31.147726000000002,121.40878300000001,0,0.5,4000,243,1995,42,15,30,-0.08579521093486846
4250,君怡公寓,31.184488,121.398595,0,1.7,4000,216,1999,26,2,37,-0.1771172857652136
4252,古美四村,31.148453000000003,121.410402,0,0.6,4000,243,1998,25,2,30,-0.14394803137592369
4256,学院新村,31.152934000000002,121.370044,0,0.8,50000,184,1997,20,15,30,-0.0033939108077108197
4257,富丽公寓,31.140744,121.37110600000001,0,1.2,100000,342,1997,100,15,35,-0.11956095490543522
4258,富仕名邸(东区),31.013484000000002,121.409132,0,1.2,120000,1000,2000,250,13,40,-0.37772952052695086
4261,怡泰苑,31.092309000000004,121.409424,0,1.7,20000,99,2004,99,9,36,-0.2918341150476224
4262,平阳二村,31.14504,121.395671,0,0.8,10000,320,1997,200,13,25,-0.1637248063011849
4264,平阳三村,31.138252,121.389301,0,0.5,7200,520,1996,130,18,35,-0.16679620305484888
4272,景谷苑,31.020656,121.402977,0,0.8,33744,200,2001,160,14,35,-0.4483356295891314
4273,华丰苑,31.07357,121.402037,0,0.8,30000,480,2004,130,143,40,-0.3668189591907918
4274,汇金公寓,31.186377,121.373769,0,1.0,32000,652,2003,60,25,35,0.025158388848840547
4275,泰景苑,31.163365000000002,121.355061,0,0.8,60000,324,1997,150,15,30,-0.2368341042107335
4278,阳光乾城苑(公寓),31.160505999999998,121.37832399999999,0,1.9,57400,391,2004,200,6,40,-0.048161525812639744
4279,航华新苑,31.182852,121.356222,0,1.35,11843,87,2005,64,148,40,-0.4420167209830573
4280,君临六六公寓,31.011985,121.409976,0,1.6,7700,62,2009,150,14,35,-0.6278755245639501
4283,朱莘苑,31.129553,121.43190600000001,0,1.75,17452,300,2003,35,204,30,-0.3348649083146045
4284,华虹一公寓,31.191121999999996,121.38716699999999,0,1.0,8600,500,1998,98,14,35,-0.06563684765983725
4285,环绿公寓,31.111914000000002,121.37177,0,1.2,5500,486,2003,200,16,33,-0.4842651421551134
4286,长寿花苑,31.111421000000004,121.386316,0,0.5,8000,1120,2000,200,16,40,-0.2975276233080129
4358,富力十号,31.214756,121.323598,0,2.8,410000,393,2016,472,8,40,0.295767524674396
4360,名都城一期,31.195596999999996,121.398564,0,3.8,192000,1125,1999,300,147,60,0.24151775210239115
4362,金丰佳园,31.09944500000001,121.44008600000001,0,0.6,64144,574,2012,414,134,26,-0.3997094485184032
4364,古北大成公寓,31.194285999999998,121.410468,0,0.75,53033,570,2013,600,18,30,0.5576841646432457
4365,嘉华景苑,31.224927,121.334483,0,0.8,4375,46,2005,20,12,36,-0.448831867806149
4367,明泉璞院,31.172107,121.374472,1,4.0,64733,226,2010,11,8,35,0.2475455046103917
4372,魅力之城,31.160453000000004,121.34636100000002,0,1.75,14696,368,2004,150,12,40,0.03582692478392665
4374,航华二村一街坊,31.177595,121.35705,0,1.8,3680,260,1995,178,16,30,-0.22804914988449346
4375,水清路759弄小区,31.127744,121.384316,0,0.5,38640,560,1994,100,18,30,-0.30812028650592205
4376,红宾花苑,31.01008,121.42033799999999,0,1.2,3000,800,2000,300,13,40,-0.4890690993976075
4379,梅园邨,31.108881,121.377571,0,0.45,13000,126,2000,150,15,35,-0.3234968672839069
4380,虹光花园,31.17853,121.35128700000001,0,0.4,6000,688,1995,50,1,30,-0.34849146160667366
4381,颛卫路135弄小区,31.071531,121.405649,0,1.35,1500,36,1995,100,12,20,-0.3484503443533192
4386,航华四村一街坊,31.17618,121.361581,0,0.85,30000,560,1995,100,15,20,-0.1229703127753271
4388,东苑世纪名门一期,31.11224600000001,121.382512,0,1.5,120000,856,2002,250,186,40,0.00841144436875066
4390,东苑怡和苑,31.183867,121.399708,0,2.0,37000,546,2003,85,17,40,-0.005404230801101806
4393,朱行二村,31.127765000000004,121.42873999999999,0,0.85,20000,150,1988,120,108,45,-0.35431978776074824
4394,丽友新村,31.14599500000001,121.36618500000002,0,0.6,47000,588,1994,180,18,30,-0.5274207350298732
4395,华漕新村,31.233168,121.334181,0,0.6,500,950,2012,200,15,35,-0.3927911130576982
4396,古北新城一期,31.188603999999998,121.408698,0,1.5,210000,2137,2004,562,179,40,0.05683272897847397
4398,航华三村,31.173458,121.355752,0,0.45,3000,200,1998,200,13,32,-0.38450502903154865
4507,共康雅苑(一期南区),31.335413,121.432253,0,1.3,18000,386,2014,125,2,35,-0.409238080618906
4508,远洋7号,31.410974,121.353848,0,4.5,118861,596,2013,549,25,30,-0.3356780770303171
4509,旭辉澜悦湾,31.471413000000002,121.35593600000001,0,1.97,115865,1274,2013,936,18,35,-0.5368761763631177
4510,菊泉新城爱建顾园(西区),31.355577,121.38124099999999,0,0.8,2000,300,2005,100,13,35,-0.31721205515403555
4512,阳光迪金阁,31.354585999999998,121.405484,0,0.65,21000,23,2011,106,23,39,-0.5499672247183726
4513,华馨苑,31.366671999999998,121.43741399999999,0,1.6,58000,379,1999,187,13,40,-0.35826300731901717
4515,宝钢二村,31.411012,121.490577,0,0.5,85000,850,1985,670,12,25,-0.23874743150895003
4516,通河一村,31.342201,121.45241899999999,0,0.5,37200,630,1995,80,28,43,-0.19136718861270116
4517,通河七村,31.335757,121.45789599999999,0,0.4,43500,778,1994,130,17,25,-0.26365305763156854
4518,殷高小区,31.328899,121.49553999999999,0,0.65,29000,360,1994,120,22,30,-0.16561548609428145
4537,正荣国领,31.413760999999997,121.374995,1,4.0,112000,500,2017,500,101,50,-0.3148451282483697
4539,春江美庐(公寓),31.374446999999996,121.458316,0,2.27,122113,136,2012,691,18,40,-0.2546576870422729
4541,海淞苑,31.390741,121.506933,0,1.8,28472,294,2008,200,16,36,0.07032582715093603
4543,殷馨花苑,31.325645,121.49883700000001,0,0.6,32000,140,2007,198,2,41,-0.20321323787882473
4545,宝林新苑,31.406236,121.498876,0,0.4,36000,120,1999,50,17,24,-0.276463961789004
4548,呼玛三村,31.346938,121.447442,0,0.6,37500,560,1995,66,19,26,-0.15345671244500395
4549,海江二村,31.397195,121.50796399999999,0,0.4,34500,630,1994,300,18,35,-0.25798125298225344
4553,通河四村,31.338601,121.45272299999999,0,0.6,76000,630,1998,180,15,28,-0.1758673173636265
4554,复星花园(一期),31.291478,121.42688500000001,0,1.66,90000,660,1996,40,11,40,-0.11245218067443478
4555,屹立家园,31.332617,121.438749,0,0.55,110000,1104,2004,300,14,45,-0.17613154109397375
4556,东方丽都,31.391123999999998,121.44206299999999,0,1.86,87800,688,2006,292,109,50,-0.32283626223725664
4557,逸仙华庭,31.320636,121.488975,0,1.75,117000,1000,2006,400,205,37,0.03886124869315725
4558,圣卡洛铂庭,31.364887,121.387424,0,1.28,107000,883,2007,568,13,45,-0.39472010341645075
4583,泰禾红御(公寓),31.332627000000002,121.477294,0,3.8,146928,833,2016,833,2,36,0.1669007787603202
4585,美兰湖花园(别墅),31.412549,121.359482,1,2.2,85000,452,2012,1,8,40,-0.3535745730652203
4586,中冶锦园,31.434712,121.416274,0,1.8,89000,871,2014,300,14,40,-0.43488950414374533
4587,聚丰福邸,31.313407,121.392804,0,2.03,35710,380,2014,298,15,35,-0.1087181098148674
4589,宝虹水岸景苑(西区),31.37665100000001,121.440859,0,0.8,75739,982,2011,866,2,35,-0.27131122827658655
4591,信达郡庭(公寓),31.409431,121.357184,0,1.9,36000,257,2012,300,12,35,-0.2688844725812267
4592,美兰湖中华园,31.41404600000001,121.366343,0,2.08,199469,1344,2016,968,119,40,-0.31594741422056166
7197,金地艺境,31.024055,121.19411200000002,0,2.85,127192,860,2015,697,16,37,-0.27840000012599403
4600,东方帕堤欧,31.35766,121.392955,0,1.9,126371,1116,2010,21,12,35,-0.26095384425165075
4601,丰水宝邸西苑,31.361328000000004,121.42005900000001,0,1.2,100680,650,2006,130,2,39,-0.37288866658575276
4602,环镇北路211弄小区,31.314453999999998,121.416839,0,0.65,10000,1000,1996,62,168,35,-0.22445670104345242
4603,通河三村,31.339260999999997,121.451035,0,0.8,28000,750,1992,187,18,42,-0.18595399755442313
4604,梦家园,31.329084,121.46690500000001,0,0.8,14711,320,1999,187,152,35,-0.27550308152356634
4605,宝山十村,31.404525,121.500351,0,1.0,120000,2250,1999,120,14,40,-0.20766220964149337
4606,淞南三村,31.351043,121.494202,0,0.3,37000,430,1994,80,17,30,-0.28988342602578004
4608,海滨三村,31.387309000000002,121.50048799999999,0,0.8,12000,2100,1987,320,12,20,-0.26611712229095996
4609,通河二村,31.340353999999998,121.45766,0,0.8,4000,1600,1996,160,2,38,-0.22119471725658005
4611,金星家园,31.427169,121.35296899999999,0,0.5,52400,650,1995,198,2,47,-0.6346009681059576
4613,住友宝莲花园,31.396646999999998,121.494425,0,1.5,100000,795,2003,800,14,40,0.007686281212907775
4614,嘉骏香山苑,31.338855,121.47836399999998,0,1.2,34000,350,2006,300,13,49,-0.08286565445029642
4615,宝启花园(公寓),31.37725,121.443809,0,1.2,86800,650,2005,125,118,51,-0.39159818995480117
4616,淞南九村,31.341728999999997,121.482929,0,0.6,45000,7086,1994,128,15,35,-0.24498619901245425
4617,宝莲湖景园,31.412233,121.43559199999999,0,1.8,82500,598,2005,200,18,50,-0.34816668008037466
4619,富浩河滨花园,31.412215000000003,121.431299,0,0.8,80000,756,2005,300,16,50,-0.36132824007904873
4620,新梅绿岛苑,31.340864,121.43623600000001,0,0.55,104867,1064,2007,640,15,40,-0.08713631547163174
4623,檀乡湾,31.362880999999998,121.42418899999998,0,1.2,110000,815,2011,798,13,41,-0.3447130304472741
4624,世华佳苑,31.373346999999995,121.441578,0,1.35,80000,450,2005,550,13,41,-0.26750492815011057
4625,枫庭丽苑,31.284113,121.414596,0,0.95,110000,900,2004,189,16,41,-0.004105131884725399
4626,三花现代城香梅苑,31.324564000000002,121.481453,0,1.46,400000,3700,2014,955,189,48,0.07980438983406125
4695,远洋鸿郡,31.404983,121.372972,1,4.3,11,283,2015,600,6,50,-0.20137745626004033
4700,美兰金色宝邸,31.487910999999997,121.33913000000001,0,2.2,91899,592,2014,516,13,41,-0.5188830697582997
4706,泗塘八村,31.336090000000002,121.46547199999999,0,0.6,20000,620,1996,32,12,28,-0.2238128555422874
4708,海尚菊苑(南区),31.359624,121.372881,0,0.5,109108,1421,2005,130,18,35,-0.3633258077328512
4709,中冶祥腾宝月花园,31.430302,121.418406,0,1.79,102145,905,2012,680,1,55,-0.4059894576018536
4710,中裕豪庭,31.312452,121.387895,0,0.5,58202,332,2011,216,15,40,-0.07091636289108856
4711,中环国际公寓(一期),31.340142999999998,121.433706,0,3.2,800000,752,2012,683,156,35,-0.05176091303522672
4717,共江小区,31.33317000000001,121.45334799999999,0,0.75,1000,260,1998,280,17,40,-0.18488017017637148
4718,永清路337弄小区,31.395124,121.502925,0,0.5,25200,260,1996,135,17,30,-0.2619905441719676
4723,朗诗绿岛,31.411339,121.35543200000001,0,3.0,94298,740,2009,740,12,35,-0.2057677345608655
4729,尚城汇景园,31.354589,121.507754,0,1.7,28894,187,2007,170,198,36,-0.22515561734291434
4730,临江三村,31.416816999999998,121.494873,0,0.6,900,500,2000,21,2,25,-0.2519940477465899
4732,慧华苑(慧华西苑),31.314428000000003,121.404126,0,0.65,57200,646,2009,158,12,39,-0.25694640232398314
4733,古北菊翔苑(南区),31.351128999999997,121.37038799999999,0,1.18,164000,560,2007,200,14,37,-0.28280249633960514
4734,高境一村,31.32612,121.488556,0,0.8,90000,860,1994,800,14,35,-0.15653755755648044
4735,绿洲花园,31.356672999999997,121.388398,0,1.5,8545,850,2006,300,16,35,-0.3754327245360541
4736,嘉骏花苑,31.335440999999996,121.48006299999999,0,0.85,23392,1400,2004,152,11,48,-0.11010800955202353
4737,共康八村,31.330699,121.44156699999999,0,0.6,28540,390,1997,70,15,37,-0.22415840033864898
4739,呼玛一村,31.347759000000003,121.459699,0,0.4,42500,650,1996,120,18,35,-0.23752596843367582
4740,新顾村大家园B区,31.362122999999997,121.41479,0,1.0,107877,1480,2004,420,2,39,-0.3408904785340952
4741,共康七村,31.333489,121.443712,0,0.4,26000,560,1996,150,15,34,-0.18720251547648492
4742,祁南二村,31.420477,121.355802,0,3.12,19850,425,1996,135,2,30,-0.5065273163704925
4743,泗塘五村,31.33891,121.466399,0,0.5,26300,630,1997,99,18,25,-0.27657233359569827
4744,泗塘四村,31.344877,121.45971399999999,0,0.6,8545,750,1988,75,275,35,-0.24815136326401496
4745,杨泰公寓,31.373915000000004,121.44343300000001,0,1.6,20000,800,2005,178,16,42,-0.3296116809089906
4748,临江佳园,31.41335,121.50376299999999,0,1.2,35000,410,2003,270,19,40,-0.2691665038019703
4749,宝山三村,31.399093,121.50315,0,0.7,79000,773,1997,360,15,25,-0.23313463258436104
4751,白玉兰花园,31.403425,121.496023,0,1.5,100000,1257,2003,397,15,35,-0.03499559931463824
4752,申泉花苑,31.292461,121.417243,0,0.6,45000,690,1998,60,13,40,-0.11214151444642047
4753,泰和新城(南区),31.356995,121.41172900000001,0,0.3,385000,960,2000,400,124,35,-0.44033035325615316
4755,桃园新村,31.377058,121.49591699999999,0,1.2,45120,850,1997,208,18,48,-0.3559739176397721
4757,昌鑫时代绿园,31.333395,121.468198,0,0.75,14000,1200,2003,800,16,36,-0.13118155389752595
4758,昌鑫家园,31.335105,121.45563500000002,0,0.4,50000,408,1999,80,2,39,-0.11312545082246224
4759,上大阳光乾泽园,31.316231,121.40918500000001,0,0.73,45000,1200,2006,250,175,40,-0.21716993921986757
4761,宝启公寓,31.376573999999998,121.439279,0,0.5,70000,960,2000,100,13,28,-0.29594708891132104
4762,宝山八村,31.401371,121.50128400000001,0,0.9,79000,780,1998,320,13,25,-0.22313361883228044
4764,新月福邸,31.411143,121.44019899999999,0,0.6,15000,1500,2003,210,18,30,-0.4629828068745317
4765,长宏新苑,31.34818,121.500078,0,0.6,90000,1044,2002,150,15,40,-0.15485009126804972
4766,上大阳光乾静园,31.318640999999996,121.41281399999998,0,0.8,68000,604,2006,350,152,35,-0.1626820661961732
4768,瑞丰园,31.323534999999996,121.38348300000001,0,1.2,70000,531,2005,280,169,35,-0.18406562791078454
4769,馨康苑,31.327672999999997,121.448127,0,0.6,73000,850,2005,202,18,35,-0.03407238819800357
4770,新梅淞南苑,31.345238000000002,121.496742,0,1.5,80000,944,2001,100,14,40,0.03787534796784464
4772,宝林春天苑,31.375086,121.49603,0,0.6,60000,125,2006,90,25,35,-0.1857514306895317
4773,鑫鑫花园,31.350632,121.43378500000001,0,0.6,100000,900,2004,100,2,40,-0.29838603013535786
4774,新月丽苑,31.412583,121.438337,0,0.5,64000,312,2004,60,134,40,-0.36096303759176046
4775,馨华苑,31.280088,121.42478799999999,0,0.5,116840,584,2001,450,13,41,-0.009219531932948848
4776,滨江雅苑(一期),31.283043,121.419197,0,0.9,93000,2400,2005,450,18,40,0.028368888165679215
4777,南华苑,31.277301,121.430181,0,1.2,25000,1356,2003,260,12,40,-0.0545751186973892
4778,艺康苑,31.32718,121.450061,0,0.55,30000,370,2001,800,16,30,-0.07808864360359147
4875,中铁北城时代(公寓),31.396337,121.44486299999998,0,2.7,170000,276,2015,301,2,30,-0.38750604215538537
4884,大华一村,31.287021999999997,121.429328,0,0.95,12000,2600,1996,430,18,35,-0.11616811350113936
5097,大华一村,31.27918,121.43046000000001,0,0.95,180,144,1996,165,2,47,-0.11616811350113936
5286,大华一村,31.279355,121.427549,0,0.6,1204,312,1990,168,2,40,-0.11616811350113936
4885,上坤乐城,31.367546,121.41333,0,2.8,41086,532,2015,205,2,35,-0.39540242726434355
4888,同济城市阳光,31.313067999999998,121.39664599999999,0,2.6,80978,622,2014,454,2,45,-0.1265318064661815
4893,鹏程花苑,31.343123,121.494927,0,1.4,77000,612,2004,140,167,36,-0.14980991984106615
4900,梧桐城邦(四期公寓),31.299474,121.41671299999999,0,1.3,53204,626,2013,150,108,40,0.11409128430034114
4905,米兰公馆,31.357260999999998,121.39131200000001,0,2.8,16000,187,2015,67,25,35,-0.4820088814135726
4906,上坤公园天地,31.345986,121.36016000000001,0,1.99,33895,301,2012,163,15,30,-0.3164344365261571
4908,象屿郦庭(南区),31.334119,121.48524099999999,0,1.8,78000,650,2013,390,16,38,0.03971944455169733
4909,中冶尚园,31.431161,121.42115700000001,0,1.8,108700,970,2012,715,114,45,-0.4112800453091939
4910,宝华盛世花园,31.453638,121.4107,0,1.9,117000,886,2012,653,123,40,-0.49533936433715947
4911,宝华北岸郡庭(公寓),31.456642,121.403218,0,2.9,124432,230,2012,89,137,50,-0.4798605162195832
4914,绿地国际SOHO城,31.319290000000002,121.357478,0,1.5,350000,2000,2012,600,245,40,-0.6899961264819153
4921,颐河公寓,31.351211,121.40604599999999,0,0.4,7493,59,2008,40,2,43,-0.48955520551072534
4923,祥泰苑,31.330154999999998,121.41473500000001,0,0.55,65000,5210,2008,300,12,35,-0.2480464367445205
4924,罗溪路60弄小区,31.415366,121.35580300000001,0,0.8,36450,750,1995,650,15,27,-0.5069505034449047
4926,祁南一村,31.421896000000004,121.35484,0,0.5,12000,560,1988,113,18,30,-0.47079358833922047
4927,宝莲府邸(公寓),31.400351,121.492703,0,5.0,32178,57,2005,57,37,50,0.22940287496053446
4928,馨良苑,31.33164600000001,121.481954,0,1.1,103949,1152,2008,145,22,47,-0.054563065352768315
4931,同济路60弄小区,31.375195,121.498846,0,0.5,37000,650,1993,138,2,43,-0.2931993986404278
4932,长江路780弄小区,31.352268,121.49315,0,0.65,37520,600,1956,370,17,20,-0.2666097290440516
4934,逸仙二村(西区),31.317832,121.49921699999999,0,0.3,1020,630,1990,280,18,32,-0.20740496282079854
4935,泗溏三村,31.34013400000001,121.460575,0,0.9,98500,2000,1995,185,2,25,-0.2143405408056975
4938,怡园,31.358913,121.39828200000001,0,1.5,85000,650,2007,120,18,42,-0.3382454105438897
4939,杰圣家苑,31.327285999999997,121.480989,0,1.65,46000,611,2008,200,29,36,-0.018976776697557596
4941,宝杨路575弄小区,31.406088,121.49783500000001,0,0.5,72000,1200,1996,360,13,25,-0.24161103309298623
4943,昌鑫世纪园,31.334112,121.456977,0,0.95,42000,384,2001,178,2,41,-0.14113617598553865
4944,同盛嘉园(西区),31.384916999999998,121.440197,0,1.5,100000,560,2008,300,133,40,-0.31972135919116135
4945,沁园,31.339004,121.46043200000001,0,0.95,4500,48,2002,20,2,30,-0.4710446999556395
4947,同泰北路401弄小区,31.386002,121.499901,0,0.6,26050,750,1991,258,2,45,-0.3375028805463969
4948,锦辉豪居,31.351653000000002,121.452526,0,0.6,5000,650,2004,96,14,35,-0.29029635340951226
4950,宝山七村,31.402519,121.50533600000001,0,0.9,65000,580,2005,365,18,30,-0.2305908829627292
4952,保集欧郡,31.398149,121.45313,0,1.3,8545,811,2009,602,14,40,-0.33048499648398366
4953,新普盛公寓,31.33762,121.463305,0,0.4,26000,360,2002,198,2,39,-0.204467432862912
4956,宝山锦泰苑,31.322846999999996,121.38715,0,0.8,100000,365,1999,80,14,35,-0.24871993594846145
4957,美好家小区,31.308202,121.432775,0,0.65,55000,650,2000,375,15,40,-0.062018674749577424
4959,宝林七村,31.410721999999996,121.502279,0,1.2,45000,900,1992,300,17,35,-0.29687306194976415
4960,泗塘六村,31.338759999999997,121.465978,0,0.6,28966,100,1998,185,2,48,-0.2897369427954763
4961,锦通苑,31.34235300000001,121.480775,0,0.5,30000,300,2000,150,13,35,-0.06608611903310221
4962,共和八村,31.329802,121.46115800000001,0,0.4,36500,420,1999,178,12,20,-0.2339445388437593
4964,锦辉绿园,31.333528,121.461487,0,0.5,180000,800,2002,100,16,50,-0.1194933684438206
4965,共富二村,31.354407000000002,121.437937,0,0.6,142000,1200,2006,400,136,36,-0.2833836828769025
4967,呼玛二村,31.348470000000002,121.449642,0,0.4,69000,660,1994,88,18,26,-0.24592398264983273
4969,祁连一村,31.316933000000002,121.386728,0,0.4,3487,700,1998,560,13,40,-0.19392235308150485
4970,长征新村小区,31.376079999999998,121.498501,0,0.5,46000,720,1990,125,2,47,-0.3144830156710834
4971,三湘盛世花园(二期),31.331823999999997,121.456259,0,1.1,106000,768,2006,248,18,43,-0.07753649266862506
4972,共康公寓,31.331959,121.445125,0,0.45,100000,800,2004,100,2,30,-0.11665255943989215
4975,景华世纪园,31.333505,121.462236,0,1.2,14892,102,2002,138,155,35,-0.22891828502914477
4976,淞滨支路40弄小区,31.374315999999997,121.494277,0,0.4,21300,360,2002,158,2,39,-0.29221233360601984
4978,牡丹锦苑,31.406654999999997,121.491427,0,1.2,28000,490,2001,220,14,35,-0.14175231739733973
4979,祁连家园,31.318637,121.388783,0,0.85,12000,586,2001,157,19,42,-0.2691500050000127
4980,都市花苑,31.343721999999996,121.48459299999999,0,1.2,60000,400,2003,150,2,35,-0.24353287169569673
4981,三门路485弄小区,31.318528999999998,121.501107,0,0.8,70000,1000,1997,400,18,36,-0.1747375961771748
4983,高境欣苑,31.32493,121.49301000000001,0,0.45,51000,396,2002,300,175,58,-0.052741317594373026
4984,远景佳苑(三期),31.291755,121.42333700000002,0,1.6,91487,1956,2000,800,163,42,0.05438625317664949
4985,枫桥湾名邸,31.340823999999998,121.492498,0,0.6,33147,312,2003,28,125,40,-0.10117938732437266
4986,恺源景江苑,31.41828,121.500178,0,1.2,5000,588,2003,300,14,45,-0.1482828922705962
4987,月泉湾名邸,31.416165999999997,121.433198,0,1.23,90000,520,2004,341,12,41,-0.44896671555414674
4988,乾龙苑,31.31307,121.407845,0,0.65,40000,816,2001,78,19,30,-0.28214502420835086
4989,北华苑,31.286040999999997,121.421324,0,1.2,68000,1140,2000,200,17,35,-0.035775022266237265
4990,民主敦发小区,31.328371,121.45371200000001,0,0.95,45000,378,1997,60,23,40,-0.18692398038704275
4991,兴景佳苑,31.404721999999996,121.497557,0,1.5,64000,650,2004,168,2,48,-0.04462011397542032
4993,华鹏花苑,31.292043,121.418631,0,0.6,23435,7566,1997,80,135,23,-0.07111297142109341
4994,华能时代花园,31.396023,121.493771,0,0.8,51000,452,2002,203,158,40,-0.18535057400075608
4996,城投世纪名城,31.332896,121.46922099999999,0,0.8,100000,1344,2003,500,14,40,-0.15226510157639941
4997,吴淞新城(西区),31.377083000000002,121.503227,0,1.2,50000,865,2002,150,177,35,-0.1271495063964732
5000,思致公寓,31.385872999999997,121.50423799999999,0,1.2,13950,420,2003,320,25,30,-0.14818591098297648
5001,大唐花园,31.350031,121.407747,0,0.6,100000,500,1995,200,15,30,-0.38684565867914794
5006,水韵华庭(一期),31.274881,121.429147,0,0.5,75000,600,2003,200,22,38,0.029293074050013912
5007,大华公园世家康华苑(二期),31.28565,121.416175,0,1.2,54000,1080,2002,500,14,40,-0.0229668165544492
5009,学林苑,31.320044,121.391221,0,0.7,36000,813,2004,450,16,37,-0.11831234673108715
5010,新城尚景,31.348828,121.488147,0,1.35,80000,2000,2006,330,165,40,-0.09638318079648844
5011,柏丽华庭,31.375031,121.440221,0,2.1,84000,700,2007,600,18,50,-0.2889639260586278
5012,万临家园,31.347576,121.496779,0,1.05,70000,568,2006,230,14,43,-0.12410336437314314
5016,西朱新村,31.381311,121.49711699999999,0,0.8,37500,776,1992,135,2,39,-0.350217696391242
5019,上大阳光乾宁园,31.317090000000004,121.40935800000001,0,0.81,15000,622,2006,163,15,41,-0.19998657228851635
5020,祁连二村A街坊,31.323558000000002,121.385405,0,0.7,179765,650,1996,80,105,40,-0.2563344008307363
5023,新思致公寓,31.396224,121.496025,0,1.2,13950,120,2007,120,25,30,-0.15900478041083702
5024,成亿宝盛家苑(南区),31.361124,121.420699,0,1.2,30000,1016,2006,510,143,43,-0.3375675626667394
5025,住嘉新苑,31.340176,121.452603,0,1.39,21100,138,2005,58,23,36,-0.0963051165945469
5026,上大阳光乾清园,31.316368,121.416195,0,0.74,83000,1140,2003,130,13,30,-0.2270599033741124
5028,呼玛四村,31.350161,121.45168999999999,0,0.5,76000,670,1995,96,13,24,-0.25453837501391824
5029,怡华苑,31.278245000000002,121.425173,0,0.9,32000,730,1998,675,13,35,-0.055788678154788364
5071,巴黎时光,31.351825,121.498319,0,3.0,11815,169,2005,31,2,45,-0.7182072246206289
5072,中艺花园,31.404509,121.505772,0,1.0,53000,360,2003,185,167,35,-0.10152665972865894
5083,宝城三村,31.417765999999997,121.500892,0,0.8,43000,650,2003,350,15,35,-0.19035133050871433
5094,华浜二村,31.351965000000003,121.50551499999999,0,1.2,12000,658,1999,14,15,28,-0.266776511881535
5095,月浦九村,31.420794,121.42924199999999,0,0.5,209383,1566,1994,780,13,22,-0.41591563402471327
5096,宝通家园,31.494932000000002,121.33870800000001,0,1.2,450000,850,1998,560,17,25,-0.6202635387551811
5098,建宇公寓,31.403384999999997,121.490431,0,1.2,23000,450,2004,336,32,30,-0.25294197651387446
5099,宝山二村,31.400332000000002,121.506956,0,0.6,98000,890,1993,400,17,30,-0.2398172754747595
5100,汇秀公寓,31.337374,121.448986,0,0.6,12537,96,2003,96,34,38,-0.2042721974704483
5110,逸仙路1321弄3支弄小区,31.322283000000002,121.493995,0,0.5,1832,2480,1995,130,18,45,-0.14512254605412322
5111,海江公寓,31.402092,121.511277,0,1.3,52739,750,2002,450,17,40,-0.24730288534766734
5115,新叶公寓,31.397658000000003,121.512098,0,0.8,34500,720,2003,178,12,42,-0.33909648841515455
5116,复星新苑,31.293923,121.427729,0,0.6,50000,600,2000,120,2,31,-0.16334142580770006
5117,宝地绿洲城(北区),31.412112,121.46960800000001,0,0.5,120000,1139,2004,368,11,46,-0.3014122353968735
5118,新月万升家园,31.412803999999998,121.43441299999999,0,1.2,61000,514,2004,200,132,44,-0.3906026112770151
5119,紫逸佳苑,31.318496000000003,121.49295500000001,0,0.65,12949,117,2006,60,215,35,-0.16287392098898926
5144,淞宝路160弄小区,31.387472,121.50676999999999,0,0.7,37000,580,1995,135,18,34,-0.40144519810007634
5146,环镇北路323弄小区,31.314115,121.417677,0,0.45,37500,750,1996,158,2,38,-0.3415318262721238
5152,友谊家园(西区),31.402519,121.460967,0,0.8,135000,6000,2013,154,2,35,-0.3682917153264147
5155,爱迪苑,31.335067,121.464619,0,0.72,1000,250,2001,40,2,35,-0.14250068933739168
5157,龙珠苑,31.297313,121.421268,0,1.3,100000,645,2004,800,9,35,-0.3019262865027734
5158,宝山九村,31.405528000000004,121.50248500000001,0,1.0,77000,675,1998,450,14,28,-0.2274379542398872
5160,杨泰二村,31.375834,121.447787,0,0.6,95000,480,2003,80,15,30,-0.3656787008024633
5161,祁连三村,31.317359999999997,121.38915300000001,0,0.45,6500000,986,1997,400,168,35,-0.2548747053982426
5162,新逸仙公寓,31.352878000000004,121.502801,0,0.6,32390,1800,2002,50,15,35,-0.3227049698381712
5165,宝林四村,31.409789,121.49913600000001,0,1.0,92000,1550,1996,680,17,30,-0.2735555820238855
5166,宝林八村,31.41273,121.501729,0,0.3,125000,1785,1994,185,12,35,-0.25683213487166306
5167,宝钢三村,31.408590000000004,121.48746000000001,0,0.3,120000,1200,2000,750,8,24,-0.22891374698100084
5168,新月翡翠园,31.409329999999997,121.43533400000001,0,1.35,58012,580,2006,50,18,42,-0.3631173960836483
5169,金兰雅墅,31.407645000000002,121.36933,1,2.8,50000,260,2007,260,6,50,-0.29356470172952925
5170,久华佳苑一期,31.275519,121.42641699999999,0,1.5,100000,572,2006,270,333,40,0.11004585489370668
5206,祁南新村,31.421576,121.35376799999999,0,0.5,25600,192,1988,48,15,35,-0.6185905026510383
5207,禄德华苑,31.376989000000002,121.457228,0,1.25,370000,1640,2003,172,21,38,-0.3621808430928442
5212,东华苑,31.307999,121.42904899999999,0,0.65,42700,950,2008,550,15,28,-0.18950065458912213
5214,泊仕郡,31.356159,121.39903799999999,1,2.5,80000,186,2009,186,67,45,-0.28942088465697724
5215,海德花园(公寓),31.396860999999998,121.430676,0,2.2,200000,386,2010,760,32,50,-0.3338680829671356
5217,淞青路64弄小区,31.395761,121.506971,0,0.4,39000,250,1999,145,14,25,-0.28774901242457496
5220,淞滨支路120弄小区,31.375069,121.49351899999999,0,0.5,21070,375,1995,138,2,42,-0.3825698046726315
5221,菊泉公寓,31.361556,121.380948,0,0.55,2500,300,2010,35,2,49,-0.5298765718117932
5222,春雷路354弄小区,31.417677,121.439742,0,0.6,63,2100,1996,132,2,47,-0.41544498680971564
5223,景泰公寓,31.384588,121.500997,0,1.5,47000,310,2001,207,15,25,-0.17041476387013202
5224,乐业四村,31.412754999999997,121.43308300000001,0,0.55,34500,760,1997,164,2,35,-0.4165001542988896
5228,月浦十村,31.420766999999998,121.437703,0,0.6,25320,750,1990,300,18,30,-0.4367899558354427
5229,月浦二村,31.425917,121.43494399999999,0,1.23,42650,750,1987,169,2,49,-0.42258112791774316
5230,月浦五村,31.424009,121.43205900000001,0,0.6,6521,543,1994,145,2,47,-0.4238394734280881
5231,淞南四村,31.351282,121.499225,0,1.2,27580,850,1983,184,18,30,-0.27984728876273424
5233,宝山水上新村,31.41425,121.496101,0,0.5,90000,640,1994,320,1,24,-0.23325225903355626
5234,月浦三村,31.424191999999998,121.433982,0,1.23,100000,178,1993,178,18,47,-0.4039588082550824
5235,富丽苑,31.395557,121.37240600000001,0,0.8,35000,750,2006,360,15,25,-0.46646809139363654
5239,宏裕苑,31.34913,121.44530800000001,0,0.71,56000,1008,2004,198,18,40,-0.3357295563216873
5241,临江一村,31.41705,121.49306299999999,0,0.4,26450,450,1991,198,2,37,-0.30505965398965407
5242,宝林五村,31.411440999999996,121.498148,0,0.8,79000,985,1991,350,15,25,-0.2876005759292785
5243,金棠苑,31.339667,121.46833000000001,0,0.5,60000,380,1998,85,145,36,-0.25632619964985076
5244,通田商住楼,31.34345900000001,121.451426,0,1.6,15000,137,1996,35,138,30,-0.1760921803574199
5246,月浦八村,31.421568,121.43194199999999,0,0.5,51000,960,1992,500,3,28,-0.3918962643963275
5250,永清新村小区,31.397717999999998,121.50619099999999,0,0.6,34650,1250,1989,148,18,43,-0.2933998684249247
5251,乐业二村,31.416286,121.43988200000001,0,0.4,28560,860,1995,400,18,25,-0.39459336281985663
5253,罗新苑(西区),31.430446000000003,121.356576,0,1.05,61000,627,2009,520,12,26,-0.5376673769523963
5254,星福家园,31.320078999999996,121.38063000000001,0,1.0,8545,664,2004,600,13,40,-0.21082043221344174
5256,四元路360弄小区,31.41985,121.434455,0,0.6,39000,530,1993,470,2,30,-0.3987264510709183
5257,宝山五村,31.396278999999996,121.496524,0,0.7,32000,120,1998,50,16,25,-0.3219631234751375
5258,宝山一村,31.401329999999998,121.509803,0,1.6,120000,790,2009,375,13,25,-0.25504338416085
5262,宝钢十村,31.40901400000001,121.48484499999999,0,0.3,92000,900,1991,685,12,23,-0.28120276254538523
5263,共和二村,31.327809000000002,121.467479,0,1.5,52600,870,1995,380,18,25,-0.20928378807629675
5265,远景时代,31.291923999999998,121.429402,0,0.8,39000,328,2000,350,2,40,-0.04024730726590716
5266,罗南一村,31.389613,121.36816999999999,0,2.9,25600,620,1991,190,2,38,-0.48241644944750317
5267,祁连四村,31.322371999999998,121.38883100000001,0,0.6,100000,120,1998,80,23,37,-0.19936859405631221
5268,幸之苑(二期),31.319247999999998,121.49326,0,1.0,26000,220,1997,80,21,36,-0.07621622318027006
5272,新沪路960弄小区,31.278776,121.42555300000001,0,0.72,2000,396,2000,145,2,30,-0.2264093620837979
5274,祁连欣苑,31.314155,121.38399,0,1.0,90000,690,2008,300,14,45,-0.21807262682067277
5275,牡丹江路182弄小区,31.3832,121.503739,0,0.85,25500,420,1988,200,18,25,-0.36612198036798294
5276,虎林路435弄小区,31.342928000000004,121.465502,0,0.6,20000,580,1992,50,2,30,-0.16973105950405853
5277,玉华东苑,31.292628000000004,121.41823000000001,0,0.45,27000,208,2003,60,18,43,-0.1291093047663702
5278,淞宏苑,31.349359000000003,121.49103999999998,0,0.4,10000,98,2002,100,141,40,-0.33959523824666765
5280,长江路440弄小区,31.354316999999998,121.49708500000001,0,0.6,8000,385,1990,18,18,28,-0.2842561209469426
5281,马泾桥四村,31.424865999999998,121.420331,0,0.9,31200,630,1979,178,2,49,-0.4826655895586039
5282,长江路68弄小区,31.356683,121.505253,0,1.24,8000,785,1995,38,15,30,-0.3422221398348893
5284,恒鑫公寓,31.403941999999997,121.49285400000001,0,0.8,79000,350,1999,300,23,30,-0.26056082244272133
5285,四元路20弄小区,31.419228999999998,121.440297,0,0.5,270000,300,1995,169,13,46,-0.3979644456698414
5287,友谊路16弄小区,31.413190000000004,121.497681,0,0.8,42000,680,1987,172,18,40,-0.29533929395205133
5289,南大路406弄小区,31.30592,121.39303799999999,0,0.95,25500,385,1999,135,18,30,-0.48898224249639793
5290,宝城二村,31.414866999999997,121.49705800000001,0,0.6,95000,830,2001,420,15,25,-0.25580468637407555
5292,友谊路3弄小区,31.413866,121.49824299999999,0,0.85,45120,398,1991,157,2,43,-0.586044271814408
5293,富辰花苑,31.392742,121.366525,0,0.45,24793,276,2004,265,2,49,-0.4226739432627126
5294,密山二村,31.408894,121.49406200000001,0,0.85,45000,750,1987,185,17,49,-0.23724462432874258
5295,富秀苑,31.395274,121.37101399999999,0,1.2,37580,630,2001,138,2,38,-0.42849865368316825
5297,宝林九村,31.410178000000002,121.50461999999999,0,1.0,170000,2400,1993,600,12,23,-0.2860829057794596
5299,宝林路50弄小区,31.407715999999997,121.496925,0,0.2,91000,420,1998,120,13,25,-0.3343655521142061
5300,宝钢八村,31.413796,121.485575,0,0.5,120000,1400,1988,870,105,20,-0.27195215831188907
5302,永清一村,31.395364,121.502999,0,0.6,10000,2000,1989,148,18,45,-0.2611114990123569
5303,韶光花园(公寓),31.358509,121.396178,0,1.3,53500,770,2007,174,135,31,-0.3891820999133572
5304,龙汇公寓,31.307188,121.404257,0,1.48,10680,3750,2006,31,18,36,-0.3712218353579906
5306,永清二村,31.393756,121.501888,0,0.5,300000,3215,1994,720,12,30,-0.31106779622248176
5307,鎏园,31.349971000000004,121.504842,0,1.51,690000,506,2008,276,13,40,-0.05456846772490998
5308,美兰金邸,31.40273,121.366855,0,1.0,770000,780,2007,222,6,40,-0.4037199792814385
5309,宝宸怡秀园,31.380151,121.504221,0,1.5,20000,92,2005,38,334,35,-0.1977314944802865
5310,新月佳苑,31.417227,121.43085500000001,0,1.4,12600,120,2004,120,15,49,-0.5028912033926969
5313,宝林雅苑,31.372413,121.49261100000001,0,0.8,17401,199,2008,57,16,32,-0.272484704487093
5314,银和家园,31.336562,121.45191200000001,0,0.6,45000,750,2002,185,2,30,-0.1814425991398733
5501,宛平88,31.201453000000004,121.451082,0,6.8,108000,129,1989,220,3,30,1.0169835164696392
5502,保利西岸,31.186448,121.46241599999999,0,7.0,150000,292,2015,725,25,42,1.373762678628027
5504,田林十二村,31.178234000000003,121.435125,0,1.3,100000,1920,1987,128,2,30,0.45708683222540736
5505,盛大花园,31.184013,121.460881,0,1.7,350000,800,2004,118,17,48,0.401454595199597
5506,中信君廷名邸,31.186730999999998,121.46057900000001,0,6.5,120653,431,2015,542,25,35,1.146569028214509
5507,虹桥大仕馆云峰苑,31.196521,121.420718,0,1.5,40000,352,2000,180,22,50,0.2859004514596807
5509,东方曼哈顿世纪豪庭,31.197606,121.439723,0,3.35,200000,1750,2001,500,4,40,0.8246529365363494
5516,梅陇十一村,31.138909,121.43373400000002,0,0.8,8545,2500,2001,500,18,35,-0.025655618316362896
5517,华泾四村,31.126572999999997,121.45428100000001,0,0.45,3800,176,2000,160,2,38,-0.26914210012112094
5518,番禺小区,31.204217,121.43493500000001,0,0.6,14852,134,1986,35,2,20,0.38643063579617776
5520,东安花苑,31.192562,121.46228,0,1.5,20000,480,1991,120,18,35,0.06754704648338576
5522,莱诗邸,31.196153000000002,121.44660400000001,0,3.25,120000,800,2005,200,26,35,0.7970973570121486
5526,印象欧洲,31.123464000000002,121.46542,0,4.5,220000,1400,2011,960,122,37,0.10243268806977994
5528,华欣家园,31.125794,121.466972,0,0.6,52141,650,2004,480,14,25,-0.15087941099570126
5529,锦馨苑,31.196325,121.422307,0,2.0,20461,2635,2007,180,24,43,0.15962647908518016
5530,实业公寓,31.199246999999996,121.44331499999998,0,2.5,20000,448,1992,62,25,20,0.3135483822660056
5531,亚都国际名园,31.194956,121.444115,0,2.5,120000,1056,2003,900,35,35,0.5517859745588596
5532,汇贤居,31.221429999999998,121.452165,0,5.5,80000,359,2004,341,3,50,0.8338965903221779
5533,福华花苑,31.206879999999998,121.472974,0,1.3,15000,446,2000,106,15,30,0.36193170065683017
5535,田林新苑,31.179901,121.43311299999999,0,1.38,45000,462,1994,240,2,35,0.15421263689148715
5541,东方曼哈顿尚东区,31.197984,121.441034,0,8.0,200000,400,2005,120,126,40,1.1889824577883539
5544,中原新村,31.189799,121.440395,0,0.8,50000,324,1984,30,3,35,1.0628658623920157
5548,凌云新村,31.147834999999997,121.424522,0,0.28,120000,648,1994,480,2,35,-0.05561481427897836
5550,九弄小区,31.172010999999998,121.438951,0,0.45,18000,420,1982,150,16,25,0.2714377573968032
5551,汇宁花园,31.206731,121.43821000000001,0,7.0,20000,190,2007,255,56,30,0.535053140279426
5556,梓树园,31.168834000000004,121.43672099999999,0,1.6,80000,613,1999,150,21,35,0.19353984713105066
5557,漕河景苑,31.171058000000002,121.436024,0,2.2,110000,650,2007,600,2,41,0.6394222744138117
5570,上海天玺,31.221418,121.464047,0,18.8,390000,64,2014,128,32,32,1.8001544046105453
5571,上师大科技园,31.164265000000004,121.421171,0,0.45,3620,650,2006,80,12,30,0.25812898866634887
5573,电影华苑,31.190245,121.44629099999999,0,2.8,63000,600,2007,200,37,35,0.6886144368281144
5574,长桥四村,31.140865,121.44637900000001,0,0.35,5212,2300,1988,500,15,35,-0.01034047383221068
5575,龙南六村,31.162359000000002,121.459374,0,0.6,5412,1350,1998,300,17,30,-0.09872187677613875
5576,海上华庭,31.155196000000004,121.424246,0,2.5,38000,450,2004,300,17,40,0.33791349539403776
5577,田林十四村,31.181748,121.429927,0,0.8,30000,320,1993,33,2,35,0.4128342580970235
5578,沙家浜小区华济苑北区,31.12255900000001,121.46761399999998,0,0.45,6400,180,1995,45,16,29,-0.20710865986337954
5579,广交小区,31.20325900000001,121.44250500000001,0,1.5,18000,586,1998,200,2,38,-0.12711986254133512
5580,天钥新村,31.191218,121.45442,0,0.3,3215,200,1993,100,16,35,0.1723838725894352
5583,文定天下苑,31.19063,121.43738,0,1.6,35000,268,2002,320,2,35,0.6357635650724274
5585,徐汇临江豪园,31.189818,121.45855300000001,0,2.2,74673,490,2006,302,294,35,0.4894357668318521
5586,青松小区,31.204062,121.45652,0,1.2,20103,738,1995,80,25,30,0.30869334274452137
5587,宜仕怡家,31.183348,121.446774,0,1.6,50000,471,2002,118,22,52,0.47372726007697513
5588,红旗教师公寓,31.197547999999998,121.45613999999999,0,1.8,23620,540,2003,60,35,35,0.4999063460312609
5590,日晖新城,31.20167,121.472296,0,1.55,20000,700,2004,300,32,30,0.387935150381817
5592,金色港湾公寓,31.205161,121.46748999999998,0,1.75,100000,672,2001,158,23,40,0.42267694576418674
5593,瑞金南苑,31.205638,121.473757,0,1.7,120000,400,2000,178,35,40,0.48479571671552213
5596,康健星辰,31.159896000000003,121.42513500000001,0,2.3,27000,600,2000,180,15,45,0.24070805856163024
5597,爱建园,31.181223,121.439348,0,2.2,100000,2350,2005,31,2,40,0.46450394278352275
5598,中海馨园,31.168025,121.435674,0,2.5,156783,1110,2002,423,28,40,0.4146509147570325
5611,凌云壹街坊,31.140987,121.432098,0,0.6,49769,90,2014,167,2,30,-0.25091246880247914
5622,高邮路花园洋房,31.215889,121.445678,0,0.5,100000,30,1929,100,19,45,1.1172057898980317
5623,华馨公寓,31.140653000000004,121.457755,0,0.6,17400,323,2005,88,187,40,0.2234993107946103
5626,华泾五村,31.125465999999996,121.45173700000001,0,0.6,30000,350,2000,350,2,30,-0.2431730783574945
5628,橡胶小区,31.202928999999997,121.452335,0,1.2,9500,100,1993,100,21,25,0.28181961579172277
5632,华元公寓,31.176546000000002,121.426235,0,1.5,4200,56,2002,30,3,40,-0.23883800087604076
5634,兴南花园,31.207726,121.465097,0,2.8,7500,288,1995,36,3,30,0.15565317448756036
5636,龙南五村,31.160807000000002,121.46065800000001,0,0.8,8000,1600,1993,56,16,30,-0.021638733218140988
5637,交大公寓,31.199744,121.43470500000001,0,1.15,30000,188,1999,55,25,30,0.36325734763045864
5640,金星苑,31.202271999999997,121.463435,0,1.2,2000,900,1999,64,23,46,0.30675678414365465
5642,明园世纪城,31.218327000000002,121.46529,0,2.0,18689,404,2003,120,39,30,0.4484851820668398
5644,东方时空公寓,31.198959000000002,121.434036,0,2.45,16000,267,2003,120,36,36,0.9045930589505292
5645,梧桐花园A座,31.21150200000001,121.46649,0,2.2,49079,450,2000,97,2,25,0.6312481722308875
5649,华理苑,31.149763,121.427131,0,0.7,60134,428,1997,210,2,30,0.015398737726133668
5652,强生花苑,31.182194,121.45078899999999,0,1.6,55000,574,2000,600,33,40,0.3204485301552677
5690,云锦东方(一期),31.171925,121.46269,0,7.8,60797,180,2017,253,255,52,1.1837927436351654
5697,协合紫薇园,31.150952,121.43617900000001,0,2.01,24206,31,2010,81,15,36,0.29451496659803483
5706,欣嘉苑,31.186852000000002,121.41640600000001,0,0.85,160000,780,2002,95,15,35,0.21275971920517245
5714,梅陇十村,31.137537,121.43039099999999,0,0.35,381000,127,1999,48,12,35,-0.0596396699367257
5719,气象苑,31.174828,121.44360900000001,0,1.0,15000,324,2000,110,12,30,0.21083308007562854
5721,漕溪四村,31.176589,121.44741299999998,0,0.5,89000,1160,1986,210,19,35,0.21378044831924461
5723,锦馨公寓,31.196269,121.424304,0,1.5,22232,288,2004,30,16,35,0.1867961384599188
5728,长桥八村,31.138365999999998,121.446455,0,1.1,3000,1286,1996,100,15,26,-0.037003582235858395
5732,园南二村,31.146226000000002,121.449104,0,1.0,7000,84,1999,110,2,28,0.2667493368746345
5736,华容小区,31.186023,121.455901,0,1.2,10000,180,1997,50,3,25,0.1351535970026889
5739,汇峰大厦,31.193631,121.446104,0,3.5,1600,253,1999,208,3,20,-0.05005992630021842
5741,伯乐大院,31.215983,121.44931299999999,0,0.7,6000,52,2004,40,16,35,1.1341525261706755
5742,海天公寓,31.197770000000002,121.44814299999999,0,0.8,32000,384,1997,50,3,30,0.38380974075105107
5744,佳信徐汇公寓,31.179429,121.444473,0,1.45,180,350,1998,100,28,30,0.12711031190298525
5746,天际花园,31.197665,121.451178,0,2.5,234,230,2004,238,32,35,0.5646281237930212
5750,汇贤雅居,31.197349,121.433903,0,1.8,63223,745,2007,500,278,40,0.5857160437638408
5751,保利星苑,31.170882000000002,121.44206299999999,0,1.8,43000,335,2003,110,36,40,0.5407334978111752
5752,星罗苑,31.141945,121.44486100000002,0,0.95,11967,225,2005,60,16,33,0.49510569456698456
5754,田林三四村,31.176684,121.42872,0,1.28,50000,760,1982,230,16,30,0.1553408117554628
5757,淮海鑫城苑,31.202638,121.43119899999999,0,1.5,66000,250,2001,200,37,37,0.27712770809838205
5761,光华园,31.146601,121.43891399999998,0,0.6,35000,1400,1996,85,2,30,0.3768992256961739
5762,宛南一村,31.190203000000004,121.45708799999998,0,0.6,36500,760,1979,80,18,20,0.15847699131750762
5769,万科华尔兹花园,31.17554,121.43450700000001,0,2.1,109000,770,2001,350,172,40,0.5664558044958978
5771,阳光名邸,31.201213,121.42886499999999,0,2.2,40000,396,2001,150,4,40,0.4319813398178686
5774,汇翠花园,31.190856,121.44414599999999,0,2.2,98000,55,2003,500,38,50,0.4336107925276596
5776,春华苑,31.145614000000002,121.422472,0,0.8,64000,460,1995,80,16,32,-0.062497272180889296
5777,叠加苑,31.158944,121.45845200000001,0,1.7,9000,370,2002,75,19,30,-0.06419958556138998
5779,尊园,31.197723,121.445728,0,2.8,54900,666,2004,180,45,45,0.572144161742713
5783,巴黎时韵,31.21202700000001,121.464173,0,8.0,30332,540,2003,80,32,40,-0.2812274146871903
5785,宜德苑,31.191552,121.432502,0,1.87,50000,405,2005,120,2,40,0.47151438049025735
5787,汇景苑,31.210686,121.467897,0,2.25,177814,953,1999,450,13,35,0.49328146646551274
5893,徐虹大楼,31.193222,121.431202,0,1.15,3000,180,1997,150,32,20,0.18891632902899902
5900,银亿徐汇酩悦(商住楼),31.204119,121.466353,0,7.0,25675,167,2014,88,5,21,0.14420222369334554
5911,钦州路111弄小区,31.168728,121.437928,0,1.8,49000,163,1992,88,2,35,0.19999854607361667
5913,桃源村小区,31.218307,121.46263200000001,0,0.5,4322,42,1993,10,18,23,0.8146149836794186
5915,武康路公房,31.218969,121.445999,0,0.8,7850,180,1964,30,15,35,0.9551276569175485
5918,中瑞公寓,31.192644,121.426905,0,1.0,25000,320,2011,180,16,35,0.3766889614204163
5920,衡山路新里,31.209584999999997,121.451645,0,1.5,5620,65,1948,30,12,30,1.4833580577889744
5927,华滨家园,31.146782,121.45633799999999,0,1.1,508500,4770,2008,100,1,20,0.044021593052133906
5931,永嘉路310弄小区,31.215154,121.463922,0,0.5,2000,68,1986,23,1,20,1.0341491469572117
5932,陕西南路582弄小区,31.213223,121.467817,0,0.4,4869,46,1990,35,16,35,1.3399881106170142
5940,老沪闵路439弄小区,31.153863,121.43369299999999,0,0.35,324,144,1996,51,14,35,-0.17444510156709683
5949,宜山路177-179号小区,31.196762,121.437317,0,0.8,7800,600,1986,98,18,28,0.6218642955031893
5952,机场新村,31.173640000000002,121.457796,0,0.5,3600,250,1993,100,16,30,0.13278608982929105
5953,湖南路261号老公寓,31.214607,121.44639,0,0.8,130000,560,1936,200,15,35,1.1324500086361347
5965,正蕃小筑,31.214265,121.46215,0,0.5,13650,8,1942,6,12,35,0.9979461626045372
5970,湖南路296弄小区,31.215159999999997,121.44532099999999,0,0.8,180000,450,1983,120,12,35,1.527956332837822
5976,高安公寓,31.205689000000003,121.454378,0,2.0,11520,126,1998,60,3,20,0.4500319306071809
5979,徐汇锦梅苑,31.139295,121.42953500000002,0,1.53,5545,420,2008,206,21,36,0.043086360072003255
5983,襄阳南路338号小区,31.214892,121.46410300000001,0,0.5,6321,62,1937,10,15,32,1.6724446937159827
5991,华绮公寓,31.20978,121.45160700000001,0,1.5,12800,133,1991,25,3,25,0.636916034731445
5994,名人花苑(东区),31.121284999999997,121.460921,0,1.6,143050,870,1999,143,2,35,-0.22079631892769555
5995,新乐路7弄小区,31.224551,121.46453100000001,0,1.5,1530,28,1942,3,15,35,0.8279532621465266
5999,腾王阁,31.189169,121.458357,0,1.2,5000,360,2003,20,4,35,0.24426841965860535
6003,田林九村,31.179009999999998,121.42833799999998,0,0.8,42220,462,1983,200,2,30,0.1510780771965089
6007,罗秀三村,31.14032700000001,121.452629,0,0.5,84600,325,1994,100,15,35,-0.09331534981275953
6011,煤科公寓,31.186807,121.451582,0,1.2,43000,550,1990,200,2,30,0.14821670718665408
6014,田林十三村,31.179555999999998,121.43100600000001,0,0.5,51232,200,1987,200,28,30,0.30000602587722436
6021,长桥五村,31.142446000000003,121.441965,0,0.5,61889,654,1989,31,15,35,0.44332292209790786
6023,长桥二村,31.143041999999998,121.44755,0,0.8,2100,100,1988,100,15,20,-0.039391658710738076
6025,舒乐小区,31.136678000000003,121.440928,0,0.5,1520,410,1996,210,16,30,-0.038654587184054685
6028,华鼎广场,31.186481,121.438493,0,2.0,106785,530,2003,193,33,29,0.14911839417202014
6030,园南一村,31.14792000000001,121.44615800000001,0,1.3,300000,350,1987,600,17,20,0.27708207792258904
6031,园南三村,31.148375,121.45016499999998,0,0.6,5300,1505,1994,152,2,28,0.26662737085868876
6044,乐山大楼,31.202441999999998,121.439228,0,1.5,24500,286,1991,50,25,20,0.34870353327755016
6051,明园小安桥,31.191177000000003,121.429156,0,2.0,85000,687,2011,281,25,50,0.5483172747988238
6053,湖南路343弄小区,31.214638,121.443643,0,0.8,300,5,1925,5,8,45,1.1576150255103463
6055,徐汇龙兆苑,31.176709999999996,121.453055,0,1.78,130000,843,2003,240,19,48,0.455332911458457
6056,桂林苑(北区),31.18757,121.41923500000001,0,0.8,20000,460,1996,120,2,20,0.12081693206896686
6058,正南花苑,31.155804999999997,121.43740600000001,0,0.95,5380,110,1999,50,16,38,0.07058728826123521
6061,徐家汇景园,31.195511,121.43443300000001,0,2.5,43000,196,2003,85,316,40,0.5336108859873908
6064,天然居,31.150643,121.452444,1,2.8,58102,256,2004,91,142,41,0.3782940809894866
6069,明华苑,31.195646000000004,121.437886,0,1.5,28000,230,2002,100,38,33,0.5153998989328205
6070,薛家宅小区,31.170035,121.43319199999999,0,0.35,32000,342,1996,67,2,35,0.289411394580126
6071,桂林新苑,31.187682000000002,121.422147,0,1.05,22599,285,2003,230,2,35,0.25773504102559724
6073,金轩公寓,31.194757,121.446396,0,1.8,25000,432,1997,186,33,30,0.36187834424258086
6074,华龙公寓,31.209846000000002,121.45271699999999,0,0.5,23361,560,1993,10,23,40,0.8348505655711645
6077,鑫龙苑,31.16415,121.454976,0,1.6,41000,340,2002,98,17,35,0.12970449514690682
6079,佳安公寓,31.195849,121.45319099999999,0,1.5,40000,700,2000,600,4,30,0.2805932020511293
6080,汇成花园,31.208911999999998,121.45306599999999,0,1.44,3000,160,2007,90,3,35,2.321075761983766
6081,云都新苑,31.177052000000003,121.448217,0,1.5,20000,114,2003,50,23,42,0.22971244775225272
6082,书香苑,31.144547999999997,121.43450800000001,0,0.8,54350,803,1999,230,18,37,0.13164278749339764
6083,恒昌花园,31.195317,121.45576399999999,0,1.8,6959,176,2001,120,33,30,0.12801755675465107
6085,龙吴小区,31.180179,121.45088999999999,0,0.6,3800,520,1996,80,2,30,-0.016247772242279402
6087,紫薇园,31.157907,121.416278,0,0.5,30000,1200,1992,300,36,45,0.13255997681365764
6089,华侨新村,31.187054999999997,121.456842,0,0.5,16230,48,1965,80,18,35,0.21738879719646184
6091,鑫国家园,31.192652000000002,121.446371,0,1.8,41854,180,2001,127,25,35,0.4549724443590628
6094,阳光绿园,31.143757,121.436226,0,1.2,80000,708,2003,330,17,30,0.25589566401248415
6096,罗秀家园,31.137627000000002,121.438189,0,0.7,17000,132,2002,60,19,30,0.1554016933591194
6105,精文公寓,31.191514,121.456318,0,2.15,18584,150,1999,38,45,20,-0.009502856979565164
6106,龙安小区,31.19104500000001,121.461633,0,0.8,2000,120,1994,80,12,28,0.15192096005119587
6107,长顺坊,31.161429,121.425652,0,0.5,47000,829,1994,300,23,30,0.22177818657834433
6109,长海坊,31.163087,121.424901,0,0.5,74500,910,1995,396,14,40,0.23157896189769045
6110,长虹坊,31.162707,121.42345300000001,0,1.3,69000,624,1991,150,12,45,0.09812032027668773
6113,龙南三四村小区,31.162623999999997,121.46364799999999,0,0.8,5000,1500,1995,340,18,22,-0.03091266674915868
6117,鹏欣公寓,31.190346999999996,121.450376,0,1.3,10000,2000,1998,150,2,30,0.0886038842577007
6119,青之杰花园,31.197329999999997,121.43768500000002,0,2.5,40000,400,2002,100,42,50,0.43757331413539274
6121,聚龙新苑,31.162722,121.45733100000001,0,1.4,20000,200,2002,60,15,30,0.1564145983569777
6125,徐虹华庭哈佛印象,31.196094,121.432751,0,3.5,73000,560,2004,350,36,50,0.48921569674390014
6127,创世纪花园,31.19170200000001,121.44596899999999,0,2.51,109000,656,1999,248,351,40,0.47213533074803493
6130,科苑新村,31.169392,121.439328,0,0.8,30000,630,1990,85,14,35,0.31716890485349275
6132,东樱花园,31.15363,121.419898,0,0.6,35000,882,1992,85,12,30,0.03605748819757271
6133,嘉创华狮国际公寓,31.196906,121.448279,0,3.8,14000,210,2000,64,35,30,0.7897501654543332
6134,为乐公寓,31.217534999999998,121.45251,0,2.0,3797,47,2015,50,18,38,1.1198794185602268
6135,中虹汇之苑,31.173161,121.436621,0,1.65,16000,300,2005,80,22,35,0.48560668513468824
6138,西樱花园,31.153060999999997,121.41776399999999,0,0.6,6000,720,1992,150,19,35,0.01830350030149514
6141,幽澜苑,31.151673,121.43545900000001,0,0.8,22000,120,2005,115,19,40,0.2579706674980294
6143,徐汇臻园(公寓),31.132106,121.45563100000001,0,1.5,148000,680,2007,500,13,35,0.06264525603810049
6146,绿邑新苑,31.160553999999998,121.459208,0,1.6,8500,340,2003,80,208,45,-0.04285299981987204
6147,徐汇御景苑,31.172797999999997,121.453326,0,1.95,10000,400,2004,150,35,30,0.35242555444002693
6148,太原邸,31.209496,121.462447,0,8.0,36000,169,1937,139,23,33,1.086739838777259
6150,环龙新苑,31.201860999999997,121.475623,0,2.2,29963,273,2006,70,16,35,0.5072516330654532
6151,长桥新村,31.144209999999998,121.446918,0,0.8,29400,654,1989,100,15,25,-0.0025499081415515192
6153,颐峰苑,31.194957000000002,121.437692,0,2.0,20000,141,2005,69,2,35,0.5875110779453184
6154,天秀苑,31.136714,121.436526,0,1.0,20000,264,2002,35,12,40,0.07248464822452962
6201,康惠苑,31.171318,121.438806,0,1.65,39633,220,2003,150,18,35,0.4260434914547484
6210,五原路洋房,31.21971,121.453965,0,0.5,1000,19,1989,28,16,35,1.614406656714544
6213,东安一村,31.19489,121.464025,0,2.0,6800,5210,1980,150,16,25,0.1952956222326545
6214,体育花苑,31.149305,121.436939,0,0.5,79,98,1998,49,12,35,0.19797887226085875
6215,金丽广场,31.183302,121.42631200000001,0,1.2,20000,640,2000,80,25,35,0.11434393575201603
6219,兴国路157号小区,31.21389000000001,121.443845,0,4.5,690,20,1979,4,1,35,0.7010120433897109
6220,龙南七村,31.164572999999997,121.459623,0,0.7,14000,230,1994,60,18,30,-0.03267278426273356
6222,梅陇三村,31.142189000000002,121.42365,0,0.7,11500,400,1997,42,2,35,-0.03176162814443016
6224,金谷园小区,31.182743,121.44323600000001,0,1.13,64000,1200,1996,400,32,32,0.09058709061533991
6226,上方花园,31.219294,121.457349,0,2.0,24502,523,1991,125,9,35,2.2408387928813647
6229,绿邑翠苑,31.163062,121.455265,0,1.65,37000,240,2005,23,208,35,0.05976527786788955
6230,陕西南路188弄小区,31.225006,121.46410700000001,0,0.8,5600,85,2002,20,16,36,1.0639121565458722
6234,华建二街坊,31.1276,121.446145,0,0.5,25000,360,1994,235,16,30,-0.1617372373701615
6237,漕溪三村(北区),31.176759999999998,121.443404,0,0.8,12565,900,1992,260,1,25,0.11546820649037182
6241,明佳苑,31.183021000000004,121.448949,0,1.3,40000,202,1998,75,21,34,0.17675363094255125
6245,凯旋一村,31.199375,121.431205,0,0.5,39000,624,1985,462,16,25,0.621188139824139
6247,恒地苑,31.173253999999996,121.45506599999999,0,0.9,112000,856,2004,220,16,35,0.13975348355692213
6250,科汇小区,31.199939,121.44786,0,1.3,1650,568,1991,49,2,25,0.5579232432256087
6252,南林公寓,31.18605800000001,121.43310100000001,0,1.1,20000,136,2005,630,4,30,-0.29133405761402126
6253,海波金桂苑,31.152888,121.444052,0,1.5,11000,164,2005,28,22,40,-0.0725136675961798
6267,晶苑,31.199977,121.450649,0,2.5,6033,12,2007,24,2,35,0.44313760283005105
6274,海上名邸,31.160897,121.429775,0,2.3,70000,562,2008,360,18,39,0.5577707426818681
6289,华侨公寓,31.204788,121.44771599999999,0,0.8,5000,49,2015,12,18,35,0.7905706599022229
6291,高安路18弄洋房,31.20599600000001,121.45379299999999,0,1.2,5412,24,2015,35,18,45,1.6789306854708563
6293,湖南路4弄小区,31.214636,121.448972,0,1.5,2160,54,1986,10,16,30,1.4908068214878243
6295,科汇景苑,31.1785,121.44626399999999,0,1.5,4000,85,2003,50,25,40,0.25321210685139756
6296,航天新苑,31.177968,121.402599,0,1.0,86000,586,1999,200,15,30,-0.05043293168406552
6299,乌中小区,31.218564,121.45328,0,1.8,15620,560,1991,85,19,30,0.7148255077149651
6302,南山大楼,31.195933,121.43713600000001,0,1.3,800,224,1997,100,4,28,0.613493851485237
6304,科华公寓,31.175034999999998,121.436501,0,1.8,16000,141,2002,49,4,30,0.33038418677851
6306,百乐公寓,31.205540999999997,121.465648,0,1.2,130000,300,1999,100,3,40,0.40901768109407705
6307,零陵公寓,31.200847999999997,121.47056599999999,0,1.0,2500,50,2001,20,16,35,-0.18006423822056927
6308,申德公寓,31.18300300000001,121.42771699999999,0,1.5,12000,136,2002,50,3,30,0.3130142258327129
6309,明佳公寓,31.18427800000001,121.421799,0,1.2,17000,192,1997,15,35,30,-0.26755335882580766
6310,龙龙家园,31.163228999999998,121.459453,0,1.0,160000,36,2006,100,15,27,-0.15149481119984531
6311,迎春园,31.153691,121.42474399999999,0,1.5,60000,588,1996,100,42,20,-0.04257334200190169
6321,复兴中路1232弄小区,31.219671999999996,121.46528300000001,0,1.0,18700,380,1994,120,18,35,1.0573356074310176
6322,徐汇一品苑,31.220475,121.446926,0,2.0,17000,120,1936,64,2,25,0.4329288771838657
6325,梦蝶苑,31.170826,121.443573,0,1.6,2600,765,1997,120,38,30,0.21831468007526414
6326,牡丹园,31.160258000000002,121.41755900000001,1,4.2,42000,152,2001,300,7,45,0.6238442323549785
6327,长春新苑,31.184726,121.42286599999998,0,1.2,275000,1129,1996,150,29,35,0.1915876017950773
6328,豪门府邸,31.172912,121.43101599999999,0,1.8,9300,116,2002,60,15,48,0.380753821761374
6330,徐虹公寓,31.192940999999998,121.432179,0,1.15,80000,420,1997,300,32,20,0.14956755916945716
6332,海斯大厦,31.208136,121.442645,0,4.8,26548,192,1996,105,38,30,0.6474241213322968
6445,武康路洋房,31.214096,121.44659399999999,0,1.1,2300,20,1959,10,18,40,2.0051461524658034
6446,柳林村,31.219285,121.45137199999999,0,0.8,4563,65,1984,16,12,30,1.5565883316238747
6462,宛南三村,31.186916999999998,121.45777700000001,0,1.2,12000,980,1995,370,16,30,0.20154955953528117
6466,徐汇长春苑,31.186976,121.42811599999999,0,1.1,32640,450,2008,150,29,45,0.4384355001031999
6468,吴兴大楼小区,31.207246,121.450745,0,1.2,9189,240,1993,80,3,30,0.8473188788676235
6469,潘兴公寓,31.213088,121.448214,0,0.8,3564,50,1948,46,16,35,0.23908199467060368
6470,淮海中路1857弄小区,31.210488,121.44495500000001,0,0.8,12432,122,1936,20,18,40,1.4410448770551272
6475,化工二三村,31.144361,121.42392,0,0.6,3535,1010,2000,350,16,35,-0.0017228342646365725
6484,延庆社区,31.222993,121.45836499999999,0,0.5,12500,370,1983,350,16,30,0.8183466204558564
6485,清枫大楼,31.205181,121.46275700000001,0,0.8,10000,198,1992,80,2,30,0.3497094328919546
6492,宛平路新里,31.209735,121.44746,0,2.0,1000,36,1935,30,12,35,0.9343968900035727
6509,银丽公寓,31.185278999999998,121.427153,0,1.25,5000,192,1997,80,3,35,0.11820407711691923
6517,嘉善小区,31.216521000000004,121.46642,0,0.8,5322,68,1993,10,14,30,1.0150582149792446
6522,徐汇祥和公寓,31.206958,121.46702900000001,0,0.8,100000,312,1996,14,14,35,0.32913299783224187
6526,永康路141弄小区,31.216244,121.46303600000002,0,0.5,16500,320,2000,100,18,35,1.15912376728991
6527,福禄村,31.210835,121.461367,0,0.8,4321,46,1936,10,14,29,2.0401722874555173
6533,湖南路20弄洋房,31.215113,121.448425,1,4.5,2450,40,1927,20,7,30,1.3682352957077357
6540,东安三村,31.196492,121.45924099999999,0,0.8,30000,420,1982,50,2,35,0.21586474037207412
6542,中星虹漕公寓,31.157708000000003,121.422357,0,1.6,8954,264,2000,60,36,30,0.1837107185799369
6553,景福苑,31.205840000000002,121.455046,0,2.4,21000,485,2002,52,237,35,1.0865895768486755
6555,宛南五村,31.186978000000003,121.454851,0,0.6,5000,1000,1990,68,18,30,0.3012236118063479
6556,吴兴路公安大楼,31.205496999999998,121.451247,0,0.6,150000,652,1992,100,28,36,0.7538363968392465
6561,岳阳大楼,31.210344,121.4593,0,1.2,5820,140,1986,6,22,30,0.9032070382858265
6568,襄阳南路277弄小区,31.216289,121.46501299999998,0,1.3,6520,200,1990,120,16,30,1.114771964030791
6569,梅陇五村,31.141078999999998,121.428731,0,0.6,2000,265,1990,26,2,30,-0.053114871221947975
6571,华苑大厦,31.188296,121.439622,0,4.0,62530,100,2002,50,36,30,-0.2683980195137554
6576,汇成四村,31.150185999999998,121.44208400000001,0,1.2,53000,1552,1994,200,18,25,-0.015060639504228965
6579,桂林西街101弄小区,31.156975,121.424884,0,1.2,2860,125,1992,30,16,43,0.21397621090238206
6583,淮海大楼,31.219649,121.456433,0,0.8,10400,57,1949,10,161,20,0.8762543010470084
6585,华仁大厦,31.210851,121.45938799999999,0,0.8,30000,350,1998,150,25,30,0.8184219843458216
6588,汇成二村,31.152597999999998,121.441534,0,1.3,6521,1000,1995,56,18,25,0.006104690377450525
6589,平江大楼,31.206609000000004,121.46314,0,0.8,25423,258,1989,154,14,25,0.15364162566276124
6594,长春小区,31.190206,121.428583,0,1.8,6400,610,1993,280,18,35,0.1119206868768338
6597,大闻公寓,31.205712,121.466571,0,1.5,17788,160,2006,40,2,25,0.2747074807117414
6603,凯华公寓,31.188738,121.43816699999999,0,1.5,12000,300,1999,150,13,30,0.1828879472748874
6605,兴荣苑,31.137168,121.437946,0,0.7,8000,1068,1999,300,18,42,0.016168847692645108
6606,南馨公寓,31.19732,121.447548,0,2.4,19000,135,2002,64,4,36,0.31470848203507495
6607,嘉善公寓,31.213896000000002,121.46683700000001,0,1.6,18000,102,1999,44,32,30,0.5750496128912036
6611,徐汇公寓,31.167864,121.439051,0,1.5,48600,336,2004,182,28,40,0.14335381423739682
6612,舒乐公寓,31.137528000000003,121.44101299999998,0,0.6,7600,340,1996,155,29,30,-0.0714652766726761
6616,星秀苑,31.139871999999997,121.443634,0,0.6,13000,528,2003,67,14,32,0.13338348643418016
6619,兆丰虹桥公寓,31.189606,121.430049,0,0.8,14508,104,1999,44,166,33,0.18021065497295988
6626,花苑村玉兰园,31.150060999999997,121.41989099999999,0,0.89,4800,700,1989,180,197,30,-0.005997562575005408
6631,通汇公寓,31.194229999999997,121.44628,0,2.15,18000,140,2000,100,44,20,0.2982437847915012
6632,紫藤苑,31.156285999999998,121.41903799999999,0,1.2,58429,300,2000,138,198,30,0.3612209999858334
6633,长乐公寓,31.220665999999998,121.44844099999999,0,0.8,10476,84,1998,42,25,40,0.38449591332627087
6635,阳光新景,31.1425,121.43371299999998,0,0.6,40000,708,2001,135,14,38,0.2675123578986635
6636,鼎新大楼,31.209453999999997,121.46696599999999,0,4.0,8000,300,1997,150,4,20,-0.12623744671108175
6638,森陇家园,31.143159000000004,121.422032,0,1.98,20000,187,2006,75,25,35,0.15257108428670538
6639,金诚花园,31.189352000000003,121.43511299999999,0,1.9,26000,176,2006,80,25,50,0.20848548629663663
6641,嘉川公寓,31.145554999999998,121.43658799999999,0,0.8,13500,102,2006,18,21,25,-0.01586332146842819
6645,沪华公寓,31.17033300000001,121.439805,0,1.0,5000,134,1995,60,12,30,-0.03428611880865375
6647,平江路49弄小区,31.206506,121.46224699999999,0,0.6,11520,280,1992,56,19,30,0.3300709678949012
6649,爱中爱华公寓,31.19245,121.456112,0,1.6,2000,200,1997,60,22,30,0.04913267325637707
6651,福苑小区,31.181989,121.43223700000001,0,1.25,1800,201,1996,24,18,21,0.25157833120383294
6657,苑宏新村,31.149839,121.457806,0,0.8,6000,360,1995,80,12,35,0.2326796652025097
6661,徐汇御苑,31.199309000000003,121.460574,0,2.3,43761,98,2007,171,39,36,0.5665852925207323
6662,汇成宾阳苑,31.169659999999997,121.443284,0,1.5,11000,98,2004,50,17,35,0.21680659487742368
6663,东湖公寓,31.223694000000002,121.460404,0,1.85,7980,80,1999,60,2,20,0.8651831980981464
6664,上飞新村,31.179199,121.464579,0,0.5,5000,156,1998,80,2,35,0.04070500719899349
6666,上影新村,31.20723,121.467998,0,1.2,58600,500,1984,258,18,25,0.20400700983505762
6667,睿园,31.208049,121.455931,0,5.5,18689,36,1997,49,198,35,0.5508411661123197
6669,和平小区,31.13873,121.437031,0,0.8,15000,300,1998,150,133,26,-0.018254104761642104
6672,紫汇苑,31.200546999999997,121.475078,0,1.5,12000,100,1982,10,36,35,0.20930567924819954
6673,舒城苑,31.135963,121.44021399999998,0,0.6,47000,700,2002,150,16,30,0.16322360430793373
6675,芳草苑,31.178996,121.45093200000001,0,0.6,10736,95,2000,36,16,25,0.05915168248859512
6677,澳龙公寓,31.175185,121.44286799999999,0,3.6,136000,138,2003,65,2,30,0.16834965057048024
6679,汇成桂苑,31.205914,121.46503,0,1.0,60000,420,1999,200,219,45,0.41830533129102015
6683,樟树苑,31.155283,121.457526,0,0.45,30000,368,2000,80,15,37,-0.005306254731716568
6684,明辉苑,31.194463,121.434229,0,1.5,36000,300,2002,100,24,38,0.5730720172387717
6686,康馨家园,31.164833,121.432818,0,1.7,28866,386,1991,180,34,35,0.33515350898278423
6687,寿山坊,31.158619,121.42879599999999,0,1.3,2000,918,1989,90,18,25,0.038639796496376694
6689,巴洛克宫廷,31.20839,121.456819,0,6.5,13594,52,1998,46,36,35,0.5213385891834756
6847,复兴西路84弄小区,31.217609999999997,121.449278,0,0.8,6422,4522,1988,10,14,35,0.7459227388324856
6850,乐山八九村,31.201206,121.435905,0,0.8,30000,432,1991,50,25,20,0.333345476717452
6869,湖南路283弄小区,31.214684000000002,121.445136,0,1.0,11100,5,1980,5,14,60,2.0719950798349838
6877,青年汇公寓,31.161188,121.457295,0,0.6,4500,560,2002,110,16,35,0.4746240598360317
6878,宜山路12弄小区,31.19845,121.43770900000001,0,1.2,4500,120,2015,50,13,30,0.6344731704843348
6893,天馨苑,31.141752,121.43486000000001,0,0.8,47000,1200,1996,200,16,35,-0.08334211435670079
7001,云顶别墅,31.128978999999998,121.27831200000001,1,2.8,100000,143,2004,200,28,65,-0.521345125228213
7006,新凯城紫竹苑,31.115793,121.23674199999999,0,1.2,502000,520,2011,110,22,35,-0.4404714608017726
7007,新凯城玉兰苑,31.116404,121.24381899999999,0,1.5,86535,964,2012,79,36,27,-0.4364525647366308
7008,泗泾颐景园,31.128684000000003,121.273096,1,2.6,118000,470,2007,490,6,40,-0.37104379713694663
7013,世茂佘山里,31.102728999999997,121.181614,1,3.3,94000,348,2013,700,1,40,-0.4405563840819747
7015,荣盛名邸(公寓),31.101571000000003,121.343708,0,1.4,68000,558,2012,371,16,46,-0.4399337774325292
7018,欣德苑,31.068407,121.31958700000001,0,1.0,560000,426,2000,356,16,35,-0.5973570878887356
7037,中星富林名庭,31.067494,121.212944,0,0.8,124208,247,2013,537,8,33,-0.342895466267392
7040,新城家园,31.054445,121.187091,0,0.8,55945,1300,2009,550,12,40,-0.4342597733739817
7041,同润圣塔路斯,31.1125,121.25274099999999,1,4.6,520000,650,2006,250,3,46,-0.23769633083391606
7042,德邑小城(公寓),31.04598,121.19173700000002,0,1.55,78170,803,2009,478,8,36,-0.3500107553851521
7045,星辰园(公寓),31.056917,121.236921,0,1.0,184229,1650,2006,855,13,48,-0.3022957679747614
7047,文翔名苑(公寓),31.05229000000001,121.198528,0,1.7,260000,2000,2009,782,89,35,-0.39907425216491643
7048,南部阳光翠庭,31.04403,121.221248,0,1.35,200000,1320,2005,582,259,40,-0.40918973082248394
7065,青春驿站公寓,31.14143,121.32379399999999,0,2.2,29000,1800,2006,323,18,40,-0.18771677231002126
7070,佘山珑原,31.074648,121.20279599999999,1,3.6,100000,491,2015,125,8,35,-0.28568220164746916
7072,东鼎名人府邸,31.044,121.21450800000001,0,2.9,79251,658,2013,345,385,35,-0.3110768347715205
7073,长泰西郊别墅,31.096565000000002,121.29508200000001,1,6.0,360000,121,2015,11,38,39,-0.10950127019365337
7076,晨星小区,31.051016999999998,121.31751799999999,0,0.35,36800,460,2000,300,18,42,-0.6434281564470922
7077,九里亭花苑,31.142311,121.319658,0,0.6,26000,200,2005,200,18,25,-0.5791969011662841
7078,颐亭花园(公寓),31.154901000000002,121.302453,0,1.7,150000,1200,2010,800,1,46,-0.3621322726920952
7082,五洲云景花苑,31.156505,121.318848,0,1.55,160000,1000,2006,23,15,50,-0.34077321869170296
7084,世纪新城,31.047513000000002,121.21091799999999,0,0.85,69199,1500,2003,780,12,35,-0.4032473262756951
7103,首创锦悦,31.073408,121.22783799999999,0,2.98,120000,1071,2015,695,18,35,-0.35899500730697315
7106,上坤红树湾,31.067532,121.247254,0,3.7,42000,376,2016,544,15,35,-0.25581756932321836
7107,中海悦府(公寓),31.09362,121.30347900000001,0,1.5,50000,900,2016,500,101,35,-0.4944724616621456
7109,新上海弄里人家,31.138996000000002,121.342533,1,0.8,255000,155,2004,56,9,50,-0.37785023539452495
7378,新上海弄里人家,31.137534999999996,121.344823,0,0.8,255000,350,2004,200,93,50,-0.37785023539452495
7110,三湘四季花城玫瑰苑,31.05828,121.23619,0,1.5,40000,216,2006,400,165,40,-0.25416884490507496
7112,新凯城香樟苑,31.117971,121.238504,0,1.5,502000,980,2010,268,22,40,-0.4506059007566292
7115,米兰诺贵都(公寓),31.108819,121.23999199999999,0,1.5,171840,1370,2013,753,157,35,-0.32844196100632395
7117,嘉禾名邸,31.017534,121.23898999999999,0,0.9,35700,333,2012,166,14,35,-0.4691208110946761
7118,同润玫瑰芳苑(公寓),31.013324,121.322515,0,2.98,5412,405,2012,200,118,40,-0.496572586603278
7119,安琪花苑,31.046561999999998,121.24393300000001,0,1.4,68000,356,2009,226,14,38,-0.5133262918978042
7121,沿海丽水馨庭(别墅),31.082698999999998,121.333031,1,1.5,225000,450,2007,300,9,45,-0.2921233333777274
7122,绿地诺丁山(公寓),31.053006,121.19203799999998,0,1.8,119122,780,2010,138,9,36,-0.318974806266141
7125,上海紫园,31.093364,121.19856499999999,1,8.3,210000,268,2008,381,23,71,0.3276476920025821
7128,意境雅苑,31.091820000000002,121.341857,1,2.5,180000,300,2008,350,68,60,-0.23011609061725888
7130,龙祥公寓,31.10455,121.35861200000001,0,1.4,70000,470,2005,370,195,20,-0.4081725752936279
7132,百佳花园,31.103607,121.36416100000001,1,1.9,20123,330,1999,330,8,39,-0.3371538704036084
7133,沪亭苑,31.137753999999997,121.334148,0,0.45,19200,240,1999,60,19,30,-0.4135484531836479
7136,江南文化园,31.134032,121.34516399999998,1,1.8,1600,276,2002,300,7,65,-0.2709650944399174
7138,天宝恬苑,31.137263,121.33171599999999,0,0.49,58000,780,2000,180,13,23,-0.4070399951558223
7139,松云水苑(公寓),31.04994000000001,121.243725,0,1.35,170000,1200,2005,650,17,41,-0.4910178459882803
7140,紫东新苑,31.047364,121.215861,0,0.8,27,1700,2005,600,12,39,-0.4449617859203348
7141,海立华亭(公寓),31.028894,121.18948700000001,0,0.6,8000,521,2006,256,8,45,-0.4481940189413088
7171,吉宝佘山御庭,31.103662,121.201811,1,7.8,156000,217,2018,1,48,36,-0.15616031868693422
7188,佘山逸品苑,31.105915999999997,121.18166200000002,0,3.4,80000,319,2015,638,1,40,-0.42358415774598407
7196,古楼新苑,31.109636,121.26186399999999,0,1.2,2000,500,2013,200,149,47,-0.4485930459081398
7200,誉品谷水湾,31.063748999999998,121.231922,0,2.3,264438,1085,2014,11,16,40,-0.2077978020085979
7208,山语原墅,31.126593,121.256469,1,2.8,10,418,2009,500,61,40,-0.44905479179815483
7210,美善新天地,31.089024,121.263278,0,1.0,37000,556,2015,300,1,35,-0.7584261679213733
7217,东渡海派青城,31.072164,121.32311100000001,0,1.7,100000,1202,2008,950,193,36,-0.4281981830880179
7218,朗庭上郡苑(公寓),31.156245000000002,121.30192,0,1.72,49848,990,2010,909,86,45,-0.3862499429337931
7221,象屿名城,31.137697999999997,121.322841,0,1.85,8545,1509,2011,875,18,38,-0.3613214087898349
7225,绿波苑,31.11514600000001,121.280685,0,1.4,20000,246,2003,179,2,49,-0.4624690752301615
7230,三元公寓,31.13431,121.33221499999999,0,1.5,25000,272,2007,112,14,48,-0.3545506518144775
7231,沪亭小区,31.135783,121.333582,0,1.5,15000,321,1997,112,26,55,-0.5079508209735046
7232,茸平苑,31.042678000000002,121.25026299999999,0,0.8,45500,568,2011,159,2,48,-0.5724445969619785
7234,檀香花苑,31.047332,121.22121399999999,0,0.8,173000,1600,2003,700,76,50,-0.39932633291224606
7235,爱丽雅花苑,31.021687,121.263456,0,1.1,43200,540,2001,250,12,34,-0.5200974412730655
7236,明丰公寓,31.033212,121.235025,0,0.6,50000,560,2002,280,13,32,-0.4575757845569754
7237,丽茵别墅,31.128428000000003,121.295758,1,2.0,40000,263,2015,299,33,75,-0.4738283236533141
7239,万科白马花园(北区),31.08643,121.34593999999998,0,1.7,12376,732,2003,366,114,35,-0.24733515364553485
7240,开天公寓,31.131226,121.32945500000001,0,0.8,24500,396,2002,258,162,42,-0.5720706614989565
7242,四季草堂,31.065834999999996,121.31599399999999,1,1.8,11208,27,2015,2,27,40,-0.4881886364878958
7243,云间水庄,31.094465000000003,121.35466699999999,0,2.8,55000,213,2004,150,3,70,-0.10534795530888345
7244,兴日家园,31.014125,121.21327099999999,0,0.6,125000,968,2007,554,159,49,-0.47758365609047687
7245,摩卡小城开心公寓,31.150784,121.313578,0,1.55,180000,1352,2007,843,13,43,-0.3271902705250458
7247,安信湖畔天地,31.039702000000002,121.22099399999999,0,1.3,132000,784,2005,900,2,35,-0.43591960885370634
7248,紫金花园,31.131252000000003,121.335792,0,1.5,130000,931,2003,473,15,40,-0.39162226032534947
7249,依云郡,31.159794,121.32078899999999,0,2.2,100000,263,2008,292,7,40,-0.22765619240480028
7250,皇骐爱丽苑,31.043757,121.243629,0,1.2,60000,192,2005,180,72,50,-0.39362212247186007
7252,新上海花园洋房,31.141522,121.341017,1,2.8,8000,144,2002,263,32,40,-0.2531717561256293
7362,万业梦立方,31.131653999999997,121.26268999999999,0,1.5,57387,676,2016,476,16,35,-0.38383464308359283
7366,法兰西世家(公寓),31.096288,121.30201100000001,0,1.5,1130000,306,2016,100,101,38,-0.4462947451620191
7372,三盛松江颐景园(公寓),31.025681,121.198457,0,2.8,140000,904,2016,702,16,35,-0.34464130586974834
7373,信达蓝爵,31.066298,121.251053,0,2.8,2000,900,2015,800,25,35,-0.3020304500693327
7377,绿地凯旋宫(公寓),31.025778999999996,121.19599199999999,0,2.6,80000,465,2014,355,16,35,-0.3523894989991964
7406,新凯城丹桂苑,31.115726000000002,121.239029,0,1.2,200000,778,2011,300,16,35,-0.41434343621607495
7411,晶苑四季御庭(别墅),31.083019,121.34023799999999,1,3.2,126863,539,2005,540,59,46,-0.19134820893893592
7414,万科金色华亭,31.020993,121.19613799999999,0,3.0,130000,922,2008,891,16,35,-0.3473977701057312
7415,同济城市雅筑,31.019467,121.25383500000001,0,0.6,60000,858,2012,638,16,35,-0.43394503228466547
7416,海尚名都,31.021351,121.21233400000001,0,1.0,43424,782,2012,746,25,37,-0.401331407595688
7419,龙湖好望山(公寓),31.061534,121.23148700000002,0,3.6,220000,242,2012,242,16,37,-0.31985613295341336
7420,桃园坊,31.018578,121.238444,0,0.3,56000,236,1995,85,17,20,-0.560550888526873
7426,蓝天东区,31.021321,121.26606299999999,0,1.2,3000,200,2009,120,16,30,-0.5688878824739012
7429,雅鹿新苑(一区公寓),31.076054,121.322753,0,0.45,25600,1800,2004,150,12,30,-0.5563851675350604
7432,谷水苑,31.026623999999998,121.246647,0,0.5,40000,408,2008,306,12,35,-0.45485139093782695
7434,逸庭苑,31.042634000000003,121.19203600000002,0,1.35,86000,350,2010,305,15,44,-0.3557200861506358
7435,英郡别苑,31.038269,121.186996,1,1.9,54116,286,2010,286,79,40,-0.24329410137147925
7436,云间名门,31.009942,121.24256299999999,0,1.5,74605,614,2008,349,266,30,-0.436674029136985
7437,绿波景园,31.113698,121.27781999999999,0,1.4,130000,1108,2006,776,168,40,-0.4480430341662229
7438,上泰绅苑(公寓),31.043003000000002,121.193575,0,1.6,94050,600,2011,11,8,36,-0.36551118596299276
7441,明中龙祥家园,31.084923,121.352099,0,1.5,63840,797,2010,170,196,27,-0.37685974734971484
7442,恬润新苑,30.982258,121.17939199999999,0,0.8,243465,1704,2005,649,8,45,-0.7877775304308366
7447,沧盛苑,31.112301000000002,121.32205800000001,0,1.5,35000,520,2004,120,18,28,-0.5709621239048467
7454,绿洲苑,31.102179,121.35208,0,2.0,8000,84,2004,50,4,51,-0.43023426183373736
7455,华亭雅居,31.032656,121.20413700000002,1,2.0,28000,80,2005,100,38,50,-0.21823359222935176
7459,馨亭家苑(公寓),31.154662,121.31170900000001,0,1.55,165000,1136,2005,810,13,35,-0.32202717936401687
7460,华亭新家银杏苑,31.01853,121.199568,0,1.8,49600,620,2006,189,2,30,-0.40450157266623993
7461,华亭新苑,31.033134000000004,121.19167,0,1.6,91278,704,2008,300,8,40,-0.36331230962520444
7466,水岸华庭,31.038331,121.246599,1,1.2,21780,74,2000,100,9,39,-0.39298960543997
7469,阳光花园,31.103896000000002,121.347366,1,1.5,61000,523,2007,100,6,55,-0.3621424484513858
7470,润峰苑(公寓),31.029462,121.20021799999999,0,0.8,8545,1000,2005,380,8,40,-0.36728612005606415
7471,亭福小区,31.133371,121.33054399999999,0,0.8,36800,460,2002,200,18,25,-0.5028323895566041
7473,新乐雅苑,31.069109,121.318592,0,1.1,66800,606,2005,258,2,49,-0.565020159600626
7474,庄家苑,31.132953999999998,121.325112,0,0.35,38400,480,2001,240,18,35,-0.5123908770997426
7475,天安别墅,31.100147999999997,121.23935300000001,1,4.5,110000,106,2014,56,4,50,-0.3649918464959079
7476,龙悦小区一区,31.131179,121.318696,0,1.1,36800,460,2007,220,18,35,-0.5289534860152117
7477,泾东二村,31.088597999999998,121.281622,0,0.81,10000,150,2016,120,14,32,-0.6056381799084973
7478,三盛颐景园,31.12988,121.34713500000001,0,1.3,380000,978,2008,555,108,40,-0.39839273681236714
7479,雅仕居(公寓),31.100514,121.36388799999999,0,1.93,120000,560,2001,143,16,50,-0.24577560324297817
7485,松江环城新村,31.009387,121.262048,0,0.5,126000,186,1992,156,21,40,-0.49654677260459695
7486,良隆园,31.13462100000001,121.33643799999999,0,0.45,46400,580,2000,84,2,29,-0.4248888232942744
7488,绿洲华庭苑(公寓),31.038119000000002,121.225329,0,1.15,127000,533,2003,533,115,36,-0.41486423558329205
7492,江中公寓,31.033326000000002,121.232712,0,0.8,75000,465,2000,250,18,35,-0.42315380464504854
7493,松乐苑,31.021340999999996,121.22373300000001,0,0.4,28800,360,2004,320,18,35,-0.47765921461697675
7494,方舟园三村,31.023976,121.24391200000001,0,1.0,40000,408,1999,120,2,35,-0.47158125839187465
7498,南九峰小区,31.02181,121.23513799999999,0,0.5,75,1200,1996,210,19,35,-0.42478520320130225
7499,同润家园,31.097423,121.36608600000001,1,1.4,230000,986,1996,11,5,65,-0.18873250355382978
7500,夏州花园,31.138091999999997,121.31578999999999,1,2.8,31000,128,2003,156,5,52,-0.31132108190358443
7501,国亭花苑(南区),31.135654,121.33868600000001,0,0.5,8000,653,2003,94,12,53,-0.4139793175498864
7502,悦景苑,31.131695,121.335637,0,1.2,50000,567,2002,605,111,32,-0.5127564275134381
7505,龙珠花苑英国会,31.136618,121.31326100000001,1,2.5,80000,265,2004,300,69,55,-0.5385219755816372
7506,云润家园,31.135451,121.32553,0,0.75,220000,538,2006,285,169,35,-0.41497900008476446
7507,西南名苑(公寓),31.123101000000002,121.274091,0,0.8,160000,800,2009,400,11,45,-0.37997668078863184
7508,文景苑,31.046457,121.240357,0,1.4,110000,563,2007,320,16,35,-0.3290010090338109
7511,御泓苑,31.152226000000002,121.30559099999999,1,3.0,48000,173,2009,372,65,38,-0.22380185337644146
7512,紫都上海晶园,31.11432000000001,121.19971000000001,1,8.5,15600,65,2015,23,2,58,0.2635130275578475
7513,复地翠堤苑,31.048068,121.186423,1,1.6,100775,300,2006,208,9,37,-0.42178897007955296
7514,蓝色剑桥,31.046224,121.194353,0,2.0,70000,270,2006,11,5,46,-0.21994812820105433
7515,月亮河碧园(公寓),31.039240000000003,121.195801,0,1.15,74500,460,2005,584,63,51,-0.36727332100310867
7516,原野花园,31.032725,121.19651299999998,1,2.1,82000,338,2006,13,7,51,-0.2136121758268815
7517,欣绿名苑,31.087569000000002,121.360178,1,1.9,167000,465,2000,256,6,42,-0.24491899995538083
7518,晶苑四季御庭(公寓),31.08396500000001,121.343503,0,3.2,120000,539,2011,11,42,45,-0.30071938669843856
7520,亚龙华泽新苑,31.067496000000002,121.323599,0,1.3,70000,874,2007,262,28,35,-0.47519962126915366
7521,大江苑,31.033725,121.24938999999999,0,0.8,220000,1000,2006,782,15,40,-0.4620382297281638
7522,新理想花园,31.023163,121.20466200000001,0,1.35,255000,2635,2013,840,18,40,-0.4056344517707806
7523,海德名园(公寓),31.032662,121.20575500000001,0,2.5,17500,1025,2005,612,8,55,-0.3932928989023174
7525,枫桥丽舍瀛华苑,31.130373,121.330274,0,1.45,50000,632,2006,350,16,20,-0.4357663659005393
7526,昌鑫花园(公寓),31.031871999999996,121.209319,0,0.9,290000,986,2006,800,8,40,-0.3858130463272291
7527,嘉和阳光城,31.139398,121.322448,0,1.6,330000,588,2006,485,184,50,-0.3025899669723811
7528,英郡雷丁小城(二期),31.095895000000002,121.32583899999999,1,2.1,2000000,856,2006,367,7,35,-0.31893556029116604
7530,复地香堤苑,31.057325,121.193096,0,1.8,80000,440,2005,440,9,55,-0.38879972858500933
7531,华亭绿景苑,31.04154500000001,121.242309,0,1.3,45000,463,2005,288,16,48,-0.503129450372231
7533,久阳文华府邸(公寓),31.049121000000003,121.20022900000001,0,0.5,180000,1200,2008,450,96,42,-0.38499050172236626
7534,新水桥公寓,31.09890900000001,121.34725900000001,0,0.95,31178,429,2007,120,15,30,-0.3800274646786135
7537,浅水湾花园,31.103559000000004,121.367375,1,2.48,189620,532,2003,12,38,65,-0.13634152757150134
7538,雅仕轩,31.099399,121.352718,1,1.4,42000,700,1999,523,5,48,-0.34363509104000073
7539,锦轩新墅,31.096473,121.339874,1,2.8,71000,159,2003,100,5,60,-0.11824174435793376
7540,万宇漓水花苑,31.098571000000003,121.346351,0,1.2,1873,67,2004,30,11,35,-0.5069744805438694
7562,大名公寓,31.12237600000001,121.283896,0,0.7,82000,176,2005,40,131,35,-0.6229268221122721
7563,九洲大唐花园,31.138519,121.31914499999999,0,2.8,60000,158,2004,750,36,68,-0.30312793895590523
7568,佘山假日半岛,31.091514,121.23879699999999,0,2.0,77000,690,2009,345,141,30,-0.6938402594229091
7572,东明花苑,31.032846999999997,121.239127,0,1.1,250000,1900,2009,546,2,50,-0.42770770236223593
7578,松江半岛花园,31.144046000000003,121.342673,1,1.85,220014,152,2002,500,9,52,-0.4693963250577266
7579,珠江新城,31.039543,121.21596100000001,0,1.35,228400,1650,2004,800,25,35,-0.4747553203691474
7585,晨岛花苑,31.044125,121.20861699999999,1,1.6,52000,172,2004,100,56,57,-0.21028259184045195
7593,新桥首府,31.068733,121.32228899999998,0,1.2,34000,422,2006,31,276,40,-0.5589631368467075
7594,中京苑,31.115516999999997,121.282552,0,0.7,34000,148,2004,42,13,30,-0.5814680726082854
7605,天虹小区,31.056464000000002,121.25205600000001,0,0.6,34400,430,2000,200,18,46,-0.5941569951160667
7607,白洋苑,31.023983,121.22231299999999,0,1.0,70000,3380,2005,280,19,45,-0.48620059925523695
7608,玉昆小区A区,31.040765999999998,121.12626599999999,0,0.5,150000,420,2000,356,16,30,-0.7507335841418094
7609,三星苑,31.018041999999998,121.20615,0,1.5,20000,532,1996,250,19,35,-0.4280618779283926
7611,荣乐五村,31.021240000000002,121.23051000000001,0,0.6,38400,480,1985,210,19,35,-0.411341795578042
7614,中凯佘山别墅,31.090552000000002,121.204024,1,4.5,37154,47,2015,380,2,78,-0.0489594263257939
7615,新乐名苑,31.069879999999998,121.317093,0,1.0,35000,363,2007,258,21,30,-0.5112478739910484
7645,河谷三号,31.079031,121.335926,1,2.2,37160,239,2009,11,8,35,-0.066831474270253
7647,万宇阳光苑,31.0677,121.32169499999999,0,1.35,88000,200,2008,400,28,45,-0.46344497730343076
7650,方东小区,31.012037,121.25640700000001,0,1.2,52800,660,1980,120,16,35,-0.5770832745216619
7653,月亮河桂园(公寓),31.038486,121.19225700000001,0,1.15,74500,298,2008,280,63,35,-0.37073054306301084
7655,合众湖畔花园,31.043609000000004,121.21188400000001,1,1.5,76000,758,2004,450,12,36,-0.2882960989649113
7656,鼎信公寓,31.036359,121.23944099999999,0,0.6,120000,850,2002,176,12,35,-0.41337338477479485
7658,佘山新苑,31.106975,121.20149599999999,0,0.5,19260,200,1997,220,18,35,-0.5794216672492912
7659,华中公寓,31.024357000000002,121.237898,0,0.6,38400,480,2000,198,18,30,-0.5810201801895968
7660,建设花园,31.035805,121.24331699999999,0,0.8,40400,140,2000,98,21,38,-0.4505650325190433
7662,佘山翠庭,31.107578000000004,121.181193,0,0.8,24000,193,2005,220,98,46,-0.47674444527377186
7663,名庭花苑,31.043772999999998,121.24003700000002,0,1.3,120000,2000,2006,460,29,48,-0.43194106512970337
7664,森活乐莫苑,31.01561400000001,121.258329,0,1.5,165000,2062,2011,700,14,35,-0.3430315261520385
7738,荣乐水岸,31.02337,121.21609,0,0.38,103201,632,2011,454,16,30,-0.44474419732691756
7740,天虹六村,31.037553999999997,121.254282,0,0.8,21372,290,1996,310,16,35,-0.47101187736620814
7741,玉树苑,31.020941999999998,121.21668899999999,1,1.0,75000,478,2005,258,55,43,-0.4003138462147642
7745,叶家村,31.125032,121.284811,0,0.8,20800,260,1988,180,12,35,-0.6418934191765621
7746,天虹四村,31.036272999999998,121.25478400000001,0,1.2,50800,635,2003,120,22,30,-0.4649998970954707
7748,中山文化苑,31.068682,121.26563700000001,0,0.6,71474,714,2009,350,16,28,-0.4357380236372251
7749,天虹二村,31.034196,121.254522,0,1.0,20000,180,1999,49,2,28,-0.4968932289204524
7750,松石苑,31.014082000000002,121.234682,0,0.8,26000,428,2008,228,16,34,-0.5146537714583667
7753,金汇苑,31.115291999999997,121.32033799999999,0,0.3,120000,330,2008,236,16,28,-0.5263970633634855
7754,茸联苑,31.012071999999996,121.26438300000001,0,0.6,42000,109,2008,236,18,40,-0.5426534562624984
7755,赛杰苑(公寓),31.030604999999998,121.202699,0,1.2,50000,309,2005,150,8,50,-0.4119966901666072
7756,华亭别墅,31.035956,121.196202,1,2.8,44800,118,2010,118,37,50,-0.11976148137318915
7759,锦桂苑,31.041109999999996,121.24000900000001,0,0.7,46172,570,2000,400,8,35,-0.43391158913780753
7761,东庭人家,31.030562,121.221277,0,2.4,42000,199,2003,160,14,50,-0.32339852997186025
7762,西林小区,31.019417999999998,121.22696499999999,0,0.6,39200,490,1994,45,2,35,-0.4740789409574792
7763,茸南苑,31.007851000000002,121.255155,0,0.5,26880,336,2000,80,18,33,-0.5306952718347697
7764,蓝天新村,31.019057,121.25934299999999,0,0.5,41760,523,1996,200,12,32,-0.47686098112544606
7765,祥和公寓,31.122511,121.26851299999998,0,0.8,50000,490,2005,200,11,45,0.007126146795302835
7767,祥和花苑(公寓),31.032427000000002,121.24444,0,0.8,28800,2980,2002,210,18,30,-0.4467993084178625
7768,耀江花苑,31.020723999999998,121.263056,0,0.5,125000,900,1996,250,15,32,-0.6168619578457731
7769,玉乐小区(西区),31.022129,121.205124,0,0.5,86,1200,2003,350,15,42,-0.4334639365462621
7770,江诚苑,31.030781,121.234755,0,0.5,10231,460,2000,210,14,27,-0.5184938234116767
7773,江川一村,31.118335,121.27859699999999,0,0.6,150000,396,2000,200,16,30,-0.5515591592579446
7774,方舟园四村,31.025993,121.24476100000001,0,0.6,6862,72,2000,32,136,35,-0.4885248920601206
7777,仓城五村,31.0088,121.217215,0,0.35,37440,468,2000,220,16,35,-0.5458927103570341
7778,会波苑,31.122409,121.289948,0,0.6,49600,620,2001,250,16,35,-0.6092934205188468
7781,上海家天下,31.059675,121.31306599999999,1,8.0,66000,89,2004,12,3,61,-0.3608695805500211
7782,华亭荣园,31.02368400000001,121.20749199999999,0,1.5,100000,852,2005,528,16,35,-0.42377510035105964
7783,荣都公寓(东侧),31.02035900000001,121.250505,0,0.5,100000,300,2005,700,13,35,-0.5124776198635148
7785,景怡花苑,31.047525,121.206973,0,2.1,20000,263,2004,836,12,60,-0.3866797490346026
7974,欧洲城,31.100489000000003,121.279133,0,1.2,209200,120,2006,851,12,30,-0.5295198021785698
7982,新南路壹号(428弄),31.091205,121.35311899999999,0,2.1,345936,847,2011,736,105,35,-0.25672663908922333
7987,新弄里人家,31.139290999999997,121.34196599999999,0,1.2,255000,350,2001,238,93,50,-0.5104131740626839
7996,龙麒苑小区,31.068806,121.322051,0,1.35,34111,424,2000,146,17,35,-0.5878530304867668
7999,新凯家园一期,31.112578999999997,121.24318500000001,0,0.57,41920,524,2006,85,22,40,-0.38443860751630893
