,index,name,date,price
0,0,汤臣一品,201504,222603
1,0,汤臣一品,201505,212010
2,0,汤臣一品,201506,200504
3,0,汤臣一品,201507,206136
4,0,汤臣一品,201508,178042
5,0,汤臣一品,201509,160504
6,0,汤臣一品,201510,154106
7,0,汤臣一品,201511,149121
8,0,汤臣一品,201512,150532
9,0,汤臣一品,201601,222540
10,0,汤臣一品,201602,231768
11,0,汤臣一品,201603,271283
12,0,汤臣一品,201604,270121
13,0,汤臣一品,201605,267822
14,0,汤臣一品,201606,269502
15,0,汤臣一品,201607,268787
16,0,汤臣一品,201608,216301
17,0,汤臣一品,201609,213342
18,0,汤臣一品,201610,209459
19,0,汤臣一品,201611,208361
20,0,汤臣一品,201612,196184
21,0,汤臣一品,201701,191220
22,0,汤臣一品,201702,189084
23,0,汤臣一品,201703,191410
24,0,汤臣一品,201704,205951
25,0,汤臣一品,201705,192041
26,0,汤臣一品,201706,194957
27,0,汤臣一品,201707,196681
28,0,汤臣一品,201708,206819
29,0,汤臣一品,201709,220263
30,0,汤臣一品,201710,221187
31,0,汤臣一品,201711,232486
32,0,汤臣一品,201712,251312
33,0,汤臣一品,201801,231900
34,0,汤臣一品,201802,243473
35,0,汤臣一品,201803,247875
36,1,中粮海景壹号,201504,160908
37,1,中粮海景壹号,201505,160085
38,1,中粮海景壹号,201506,159610
39,1,中粮海景壹号,201507,159555
40,1,中粮海景壹号,201508,159726
41,1,中粮海景壹号,201509,136818
42,1,中粮海景壹号,201510,143277
43,1,中粮海景壹号,201511,135228
44,1,中粮海景壹号,201512,148283
45,1,中粮海景壹号,201601,172437
46,1,中粮海景壹号,201602,179587
47,1,中粮海景壹号,201603,210205
48,1,中粮海景壹号,201604,209305
49,1,中粮海景壹号,201605,207524
50,1,中粮海景壹号,201606,208826
51,1,中粮海景壹号,201607,205944
52,1,中粮海景壹号,201608,176395
53,1,中粮海景壹号,201609,176732
54,1,中粮海景壹号,201610,182182
55,1,中粮海景壹号,201611,177384
56,1,中粮海景壹号,201612,176498
57,1,中粮海景壹号,201701,184391
58,1,中粮海景壹号,201702,194473
59,1,中粮海景壹号,201703,191683
60,1,中粮海景壹号,201704,191921
61,1,中粮海景壹号,201705,186114
62,1,中粮海景壹号,201706,185400
63,1,中粮海景壹号,201707,194612
64,1,中粮海景壹号,201708,210256
65,1,中粮海景壹号,201709,207024
66,1,中粮海景壹号,201710,205268
67,1,中粮海景壹号,201711,214795
68,1,中粮海景壹号,201712,220373
69,1,中粮海景壹号,201801,227938
70,1,中粮海景壹号,201802,228947
71,1,中粮海景壹号,201803,229295
72,2,陆家嘴锦绣前城,201504,0
73,2,陆家嘴锦绣前城,201505,47053
74,2,陆家嘴锦绣前城,201506,47781
75,2,陆家嘴锦绣前城,201507,50055
76,2,陆家嘴锦绣前城,201508,51555
77,2,陆家嘴锦绣前城,201509,52608
78,2,陆家嘴锦绣前城,201510,54095
79,2,陆家嘴锦绣前城,201511,55359
80,2,陆家嘴锦绣前城,201512,55693
81,2,陆家嘴锦绣前城,201601,55538
82,2,陆家嘴锦绣前城,201602,58273
83,2,陆家嘴锦绣前城,201603,69536
84,2,陆家嘴锦绣前城,201604,72266
85,2,陆家嘴锦绣前城,201605,67169
86,2,陆家嘴锦绣前城,201606,70022
87,2,陆家嘴锦绣前城,201607,71685
88,2,陆家嘴锦绣前城,201608,71929
89,2,陆家嘴锦绣前城,201609,74614
90,2,陆家嘴锦绣前城,201610,75481
91,2,陆家嘴锦绣前城,201611,75977
92,2,陆家嘴锦绣前城,201612,76483
93,2,陆家嘴锦绣前城,201701,76466
94,2,陆家嘴锦绣前城,201702,78997
95,2,陆家嘴锦绣前城,201703,77657
96,2,陆家嘴锦绣前城,201704,78940
97,2,陆家嘴锦绣前城,201705,79542
98,2,陆家嘴锦绣前城,201706,80142
99,2,陆家嘴锦绣前城,201707,81432
100,2,陆家嘴锦绣前城,201708,79501
101,2,陆家嘴锦绣前城,201709,81773
102,2,陆家嘴锦绣前城,201710,83940
103,2,陆家嘴锦绣前城,201711,82251
104,2,陆家嘴锦绣前城,201712,82058
105,2,陆家嘴锦绣前城,201801,88984
106,2,陆家嘴锦绣前城,201802,91382
107,2,陆家嘴锦绣前城,201803,90749
108,3,张江一村,201504,13159
109,3,张江一村,201505,11683
110,3,张江一村,201506,12240
111,3,张江一村,201507,12694
112,3,张江一村,201508,13495
113,3,张江一村,201509,13252
114,3,张江一村,201510,13307
115,3,张江一村,201511,13112
116,3,张江一村,201512,13351
117,3,张江一村,201601,15284
118,3,张江一村,201602,14601
119,3,张江一村,201603,15411
120,3,张江一村,201604,14453
121,3,张江一村,201605,13280
122,3,张江一村,201606,14238
123,3,张江一村,201607,12440
124,3,张江一村,201608,37756
125,3,张江一村,201609,39661
126,3,张江一村,201610,40721
127,3,张江一村,201611,33124
128,3,张江一村,201612,34111
129,3,张江一村,201701,34064
130,3,张江一村,201702,33424
131,3,张江一村,201703,33618
132,3,张江一村,201704,46958
133,3,张江一村,201705,41366
134,3,张江一村,201706,41325
135,3,张江一村,201707,41409
136,3,张江一村,201708,36145
137,3,张江一村,201709,31992
138,3,张江一村,201710,30828
139,3,张江一村,201711,30793
140,3,张江一村,201712,30419
141,3,张江一村,201801,30364
142,3,张江一村,201802,30385
143,3,张江一村,201803,30378
144,4,长岛花苑,201504,25894
145,4,长岛花苑,201505,26097
146,4,长岛花苑,201506,25984
147,4,长岛花苑,201507,26661
148,4,长岛花苑,201508,27301
149,4,长岛花苑,201509,27489
150,4,长岛花苑,201510,27744
151,4,长岛花苑,201511,28222
152,4,长岛花苑,201512,28928
153,4,长岛花苑,201601,30042
154,4,长岛花苑,201602,30801
155,4,长岛花苑,201603,38766
156,4,长岛花苑,201604,43257
157,4,长岛花苑,201605,43059
158,4,长岛花苑,201606,42514
159,4,长岛花苑,201607,43287
160,4,长岛花苑,201608,43931
161,4,长岛花苑,201609,43789
162,4,长岛花苑,201610,44929
163,4,长岛花苑,201611,47563
164,4,长岛花苑,201612,47383
165,4,长岛花苑,201701,48365
166,4,长岛花苑,201702,48215
167,4,长岛花苑,201703,48422
168,4,长岛花苑,201704,48542
169,4,长岛花苑,201705,49819
170,4,长岛花苑,201706,50397
171,4,长岛花苑,201707,50073
172,4,长岛花苑,201708,49394
173,4,长岛花苑,201709,49364
174,4,长岛花苑,201710,49020
175,4,长岛花苑,201711,51171
176,4,长岛花苑,201712,51699
177,4,长岛花苑,201801,50279
178,4,长岛花苑,201802,49278
179,4,长岛花苑,201803,48846
180,5,陆家嘴国际华城,201504,50134
181,5,陆家嘴国际华城,201505,50951
182,5,陆家嘴国际华城,201506,52864
183,5,陆家嘴国际华城,201507,55125
184,5,陆家嘴国际华城,201508,58821
185,5,陆家嘴国际华城,201509,62534
186,5,陆家嘴国际华城,201510,63072
187,5,陆家嘴国际华城,201511,64734
188,5,陆家嘴国际华城,201512,66436
189,5,陆家嘴国际华城,201601,69319
190,5,陆家嘴国际华城,201602,73769
191,5,陆家嘴国际华城,201603,82829
192,5,陆家嘴国际华城,201604,84540
193,5,陆家嘴国际华城,201605,83171
194,5,陆家嘴国际华城,201606,79882
195,5,陆家嘴国际华城,201607,81992
196,5,陆家嘴国际华城,201608,82856
197,5,陆家嘴国际华城,201609,84422
198,5,陆家嘴国际华城,201610,86535
199,5,陆家嘴国际华城,201611,86001
200,5,陆家嘴国际华城,201612,87178
201,5,陆家嘴国际华城,201701,87277
202,5,陆家嘴国际华城,201702,87711
203,5,陆家嘴国际华城,201703,87081
204,5,陆家嘴国际华城,201704,87032
205,5,陆家嘴国际华城,201705,94111
206,5,陆家嘴国际华城,201706,93153
207,5,陆家嘴国际华城,201707,94081
208,5,陆家嘴国际华城,201708,91265
209,5,陆家嘴国际华城,201709,87939
210,5,陆家嘴国际华城,201710,88654
211,5,陆家嘴国际华城,201711,88853
212,5,陆家嘴国际华城,201712,88089
213,5,陆家嘴国际华城,201801,87603
214,5,陆家嘴国际华城,201802,87779
215,5,陆家嘴国际华城,201803,88487
216,6,上海绿城,201504,50061
217,6,上海绿城,201505,51341
218,6,上海绿城,201506,52563
219,6,上海绿城,201507,54876
220,6,上海绿城,201508,56683
221,6,上海绿城,201509,57571
222,6,上海绿城,201510,58731
223,6,上海绿城,201511,60848
224,6,上海绿城,201512,62479
225,6,上海绿城,201601,67709
226,6,上海绿城,201602,71369
227,6,上海绿城,201603,79569
228,6,上海绿城,201604,80489
229,6,上海绿城,201605,79137
230,6,上海绿城,201606,76724
231,6,上海绿城,201607,79887
232,6,上海绿城,201608,82546
233,6,上海绿城,201609,83828
234,6,上海绿城,201610,85435
235,6,上海绿城,201611,87273
236,6,上海绿城,201612,89557
237,6,上海绿城,201701,87720
238,6,上海绿城,201702,86566
239,6,上海绿城,201703,86677
240,6,上海绿城,201704,88781
241,6,上海绿城,201705,93669
242,6,上海绿城,201706,93650
243,6,上海绿城,201707,92635
244,6,上海绿城,201708,89673
245,6,上海绿城,201709,90239
246,6,上海绿城,201710,91696
247,6,上海绿城,201711,90431
248,6,上海绿城,201712,89415
249,6,上海绿城,201801,91075
250,6,上海绿城,201802,92905
251,6,上海绿城,201803,92763
252,7,仁恒河滨城(三期),201504,0
253,7,仁恒河滨城(三期),201505,0
254,7,仁恒河滨城(三期),201506,0
255,7,仁恒河滨城(三期),201507,0
256,7,仁恒河滨城(三期),201508,0
257,7,仁恒河滨城(三期),201509,0
258,7,仁恒河滨城(三期),201510,0
259,7,仁恒河滨城(三期),201511,0
260,7,仁恒河滨城(三期),201512,0
261,7,仁恒河滨城(三期),201601,0
262,7,仁恒河滨城(三期),201602,0
263,7,仁恒河滨城(三期),201603,0
264,7,仁恒河滨城(三期),201604,0
265,7,仁恒河滨城(三期),201605,0
266,7,仁恒河滨城(三期),201606,0
267,7,仁恒河滨城(三期),201607,0
268,7,仁恒河滨城(三期),201608,0
269,7,仁恒河滨城(三期),201609,0
270,7,仁恒河滨城(三期),201610,0
271,7,仁恒河滨城(三期),201611,0
272,7,仁恒河滨城(三期),201612,0
273,7,仁恒河滨城(三期),201701,0
274,7,仁恒河滨城(三期),201702,0
275,7,仁恒河滨城(三期),201703,104897
276,7,仁恒河滨城(三期),201704,106622
277,7,仁恒河滨城(三期),201705,111804
278,7,仁恒河滨城(三期),201706,110210
279,7,仁恒河滨城(三期),201707,110811
280,7,仁恒河滨城(三期),201708,111518
281,7,仁恒河滨城(三期),201709,110325
282,7,仁恒河滨城(三期),201710,110566
283,7,仁恒河滨城(三期),201711,111670
284,7,仁恒河滨城(三期),201712,113482
285,7,仁恒河滨城(三期),201801,113925
286,7,仁恒河滨城(三期),201802,114879
287,7,仁恒河滨城(三期),201803,116184
288,8,碧云国际社区晓园,201504,50195
289,8,碧云国际社区晓园,201505,50869
290,8,碧云国际社区晓园,201506,53482
291,8,碧云国际社区晓园,201507,55482
292,8,碧云国际社区晓园,201508,56002
293,8,碧云国际社区晓园,201509,56203
294,8,碧云国际社区晓园,201510,57210
295,8,碧云国际社区晓园,201511,59966
296,8,碧云国际社区晓园,201512,65523
297,8,碧云国际社区晓园,201601,70702
298,8,碧云国际社区晓园,201602,72510
299,8,碧云国际社区晓园,201603,80637
300,8,碧云国际社区晓园,201604,80494
301,8,碧云国际社区晓园,201605,79462
302,8,碧云国际社区晓园,201606,79939
303,8,碧云国际社区晓园,201607,80156
304,8,碧云国际社区晓园,201608,80413
305,8,碧云国际社区晓园,201609,81046
306,8,碧云国际社区晓园,201610,84172
307,8,碧云国际社区晓园,201611,84431
308,8,碧云国际社区晓园,201612,83926
309,8,碧云国际社区晓园,201701,83918
310,8,碧云国际社区晓园,201702,83893
311,8,碧云国际社区晓园,201703,84345
312,8,碧云国际社区晓园,201704,85868
313,8,碧云国际社区晓园,201705,94585
314,8,碧云国际社区晓园,201706,93238
315,8,碧云国际社区晓园,201707,94451
316,8,碧云国际社区晓园,201708,91135
317,8,碧云国际社区晓园,201709,92051
318,8,碧云国际社区晓园,201710,92282
319,8,碧云国际社区晓园,201711,92667
320,8,碧云国际社区晓园,201712,91475
321,8,碧云国际社区晓园,201801,91815
322,8,碧云国际社区晓园,201802,92869
323,8,碧云国际社区晓园,201803,93670
324,9,金谊河畔,201504,35544
325,9,金谊河畔,201505,36337
326,9,金谊河畔,201506,36920
327,9,金谊河畔,201507,37540
328,9,金谊河畔,201508,38417
329,9,金谊河畔,201509,39984
330,9,金谊河畔,201510,41017
331,9,金谊河畔,201511,41824
332,9,金谊河畔,201512,42792
333,9,金谊河畔,201601,45744
334,9,金谊河畔,201602,48336
335,9,金谊河畔,201603,58433
336,9,金谊河畔,201604,58007
337,9,金谊河畔,201605,57278
338,9,金谊河畔,201606,56180
339,9,金谊河畔,201607,56907
340,9,金谊河畔,201608,57208
341,9,金谊河畔,201609,58955
342,9,金谊河畔,201610,59668
343,9,金谊河畔,201611,61754
344,9,金谊河畔,201612,62772
345,9,金谊河畔,201701,62484
346,9,金谊河畔,201702,62402
347,9,金谊河畔,201703,62673
348,9,金谊河畔,201704,63155
349,9,金谊河畔,201705,64939
350,9,金谊河畔,201706,65113
351,9,金谊河畔,201707,64726
352,9,金谊河畔,201708,63077
353,9,金谊河畔,201709,63928
354,9,金谊河畔,201710,65184
355,9,金谊河畔,201711,64737
356,9,金谊河畔,201712,64203
357,9,金谊河畔,201801,65341
358,9,金谊河畔,201802,64958
359,9,金谊河畔,201803,65529
360,10,申金大厦,201504,0
361,10,申金大厦,201505,0
362,10,申金大厦,201506,0
363,10,申金大厦,201507,0
364,10,申金大厦,201508,0
365,10,申金大厦,201509,0
366,10,申金大厦,201510,0
367,10,申金大厦,201511,0
368,10,申金大厦,201512,0
369,10,申金大厦,201601,0
370,10,申金大厦,201602,0
371,10,申金大厦,201603,0
372,10,申金大厦,201604,0
373,10,申金大厦,201605,0
374,10,申金大厦,201606,0
375,10,申金大厦,201607,0
376,10,申金大厦,201608,0
377,10,申金大厦,201609,0
378,10,申金大厦,201610,0
379,10,申金大厦,201611,0
380,10,申金大厦,201612,0
381,10,申金大厦,201701,0
382,10,申金大厦,201702,0
383,10,申金大厦,201703,0
384,10,申金大厦,201704,53605
385,10,申金大厦,201705,50032
386,10,申金大厦,201706,56889
387,10,申金大厦,201707,57328
388,10,申金大厦,201708,57758
389,10,申金大厦,201709,58341
390,10,申金大厦,201710,56653
391,10,申金大厦,201711,58376
392,10,申金大厦,201712,60529
393,10,申金大厦,201801,54766
394,10,申金大厦,201802,51793
395,10,申金大厦,201803,52166
396,11,浦东世纪花园(二期公寓),201504,0
397,11,浦东世纪花园(二期公寓),201505,50988
398,11,浦东世纪花园(二期公寓),201506,51218
399,11,浦东世纪花园(二期公寓),201507,52672
400,11,浦东世纪花园(二期公寓),201508,54600
401,11,浦东世纪花园(二期公寓),201509,56916
402,11,浦东世纪花园(二期公寓),201510,64725
403,11,浦东世纪花园(二期公寓),201511,66834
404,11,浦东世纪花园(二期公寓),201512,68313
405,11,浦东世纪花园(二期公寓),201601,74157
406,11,浦东世纪花园(二期公寓),201602,74827
407,11,浦东世纪花园(二期公寓),201603,82041
408,11,浦东世纪花园(二期公寓),201604,83354
409,11,浦东世纪花园(二期公寓),201605,83103
410,11,浦东世纪花园(二期公寓),201606,81254
411,11,浦东世纪花园(二期公寓),201607,80201
412,11,浦东世纪花园(二期公寓),201608,79707
413,11,浦东世纪花园(二期公寓),201609,81735
414,11,浦东世纪花园(二期公寓),201610,86205
415,11,浦东世纪花园(二期公寓),201611,85966
416,11,浦东世纪花园(二期公寓),201612,86323
417,11,浦东世纪花园(二期公寓),201701,89285
418,11,浦东世纪花园(二期公寓),201702,88273
419,11,浦东世纪花园(二期公寓),201703,89072
420,11,浦东世纪花园(二期公寓),201704,88452
421,11,浦东世纪花园(二期公寓),201705,89151
422,11,浦东世纪花园(二期公寓),201706,91022
423,11,浦东世纪花园(二期公寓),201707,93418
424,11,浦东世纪花园(二期公寓),201708,92107
425,11,浦东世纪花园(二期公寓),201709,94455
426,11,浦东世纪花园(二期公寓),201710,96066
427,11,浦东世纪花园(二期公寓),201711,91705
428,11,浦东世纪花园(二期公寓),201712,88885
429,11,浦东世纪花园(二期公寓),201801,88677
430,11,浦东世纪花园(二期公寓),201802,88509
431,11,浦东世纪花园(二期公寓),201803,88377
432,12,万科金色雅筑,201504,41503
433,12,万科金色雅筑,201505,42229
434,12,万科金色雅筑,201506,42969
435,12,万科金色雅筑,201507,43949
436,12,万科金色雅筑,201508,44768
437,12,万科金色雅筑,201509,46091
438,12,万科金色雅筑,201510,47110
439,12,万科金色雅筑,201511,47914
440,12,万科金色雅筑,201512,49759
441,12,万科金色雅筑,201601,53125
442,12,万科金色雅筑,201602,57343
443,12,万科金色雅筑,201603,65498
444,12,万科金色雅筑,201604,67240
445,12,万科金色雅筑,201605,66524
446,12,万科金色雅筑,201606,65500
447,12,万科金色雅筑,201607,65892
448,12,万科金色雅筑,201608,66425
449,12,万科金色雅筑,201609,67556
450,12,万科金色雅筑,201610,68328
451,12,万科金色雅筑,201611,69944
452,12,万科金色雅筑,201612,70764
453,12,万科金色雅筑,201701,70021
454,12,万科金色雅筑,201702,70280
455,12,万科金色雅筑,201703,71656
456,12,万科金色雅筑,201704,72977
457,12,万科金色雅筑,201705,73413
458,12,万科金色雅筑,201706,73232
459,12,万科金色雅筑,201707,72632
460,12,万科金色雅筑,201708,71450
461,12,万科金色雅筑,201709,71951
462,12,万科金色雅筑,201710,73666
463,12,万科金色雅筑,201711,70640
464,12,万科金色雅筑,201712,69449
465,12,万科金色雅筑,201801,70659
466,12,万科金色雅筑,201802,69983
467,12,万科金色雅筑,201803,70786
468,13,世茂滨江花园(南区),201504,0
469,13,世茂滨江花园(南区),201505,0
470,13,世茂滨江花园(南区),201506,8125
471,13,世茂滨江花园(南区),201507,8125
472,13,世茂滨江花园(南区),201508,8125
473,13,世茂滨江花园(南区),201509,8125
474,13,世茂滨江花园(南区),201510,8125
475,13,世茂滨江花园(南区),201511,8125
476,13,世茂滨江花园(南区),201512,8125
477,13,世茂滨江花园(南区),201601,8125
478,13,世茂滨江花园(南区),201602,8125
479,13,世茂滨江花园(南区),201603,8125
480,13,世茂滨江花园(南区),201604,8451
481,13,世茂滨江花园(南区),201605,8408
482,13,世茂滨江花园(南区),201606,8361
483,13,世茂滨江花园(南区),201607,8361
484,13,世茂滨江花园(南区),201608,64000
485,13,世茂滨江花园(南区),201609,64000
486,13,世茂滨江花园(南区),201610,65582
487,13,世茂滨江花园(南区),201611,65582
488,13,世茂滨江花园(南区),201612,65582
489,13,世茂滨江花园(南区),201701,65582
490,13,世茂滨江花园(南区),201702,79458
491,13,世茂滨江花园(南区),201703,84309
492,13,世茂滨江花园(南区),201704,86831
493,13,世茂滨江花园(南区),201705,88532
494,13,世茂滨江花园(南区),201706,89646
495,13,世茂滨江花园(南区),201707,88506
496,13,世茂滨江花园(南区),201708,91589
497,13,世茂滨江花园(南区),201709,94651
498,13,世茂滨江花园(南区),201710,94669
499,13,世茂滨江花园(南区),201711,95124
500,13,世茂滨江花园(南区),201712,95882
501,13,世茂滨江花园(南区),201801,95300
502,13,世茂滨江花园(南区),201802,98003
503,13,世茂滨江花园(南区),201803,98340
504,14,昌里花园,201504,0
505,14,昌里花园,201505,0
506,14,昌里花园,201506,0
507,14,昌里花园,201507,0
508,14,昌里花园,201508,0
509,14,昌里花园,201509,0
510,14,昌里花园,201510,0
511,14,昌里花园,201511,0
512,14,昌里花园,201512,0
513,14,昌里花园,201601,0
514,14,昌里花园,201602,0
515,14,昌里花园,201603,0
516,14,昌里花园,201604,0
517,14,昌里花园,201605,0
518,14,昌里花园,201606,0
519,14,昌里花园,201607,0
520,14,昌里花园,201608,0
521,14,昌里花园,201609,0
522,14,昌里花园,201610,57223
523,14,昌里花园,201611,62529
524,14,昌里花园,201612,62192
525,14,昌里花园,201701,64477
526,14,昌里花园,201702,63777
527,14,昌里花园,201703,63369
528,14,昌里花园,201704,63020
529,14,昌里花园,201705,69126
530,14,昌里花园,201706,69934
531,14,昌里花园,201707,68887
532,14,昌里花园,201708,64391
533,14,昌里花园,201709,63684
534,14,昌里花园,201710,64020
535,14,昌里花园,201711,63734
536,14,昌里花园,201712,63324
537,14,昌里花园,201801,61778
538,14,昌里花园,201802,60721
539,14,昌里花园,201803,60971
540,15,梅园三街坊,201504,0
541,15,梅园三街坊,201505,0
542,15,梅园三街坊,201506,0
543,15,梅园三街坊,201507,0
544,15,梅园三街坊,201508,0
545,15,梅园三街坊,201509,0
546,15,梅园三街坊,201510,0
547,15,梅园三街坊,201511,0
548,15,梅园三街坊,201512,0
549,15,梅园三街坊,201601,0
550,15,梅园三街坊,201602,0
551,15,梅园三街坊,201603,0
552,15,梅园三街坊,201604,0
553,15,梅园三街坊,201605,0
554,15,梅园三街坊,201606,0
555,15,梅园三街坊,201607,0
556,15,梅园三街坊,201608,0
557,15,梅园三街坊,201609,0
558,15,梅园三街坊,201610,0
559,15,梅园三街坊,201611,0
560,15,梅园三街坊,201612,0
561,15,梅园三街坊,201701,0
562,15,梅园三街坊,201702,0
563,15,梅园三街坊,201703,0
564,15,梅园三街坊,201704,114780
565,15,梅园三街坊,201705,117298
566,15,梅园三街坊,201706,127852
567,15,梅园三街坊,201707,122574
568,15,梅园三街坊,201708,119470
569,15,梅园三街坊,201709,119246
570,15,梅园三街坊,201710,118241
571,15,梅园三街坊,201711,119556
572,15,梅园三街坊,201712,123266
573,15,梅园三街坊,201801,123976
574,15,梅园三街坊,201802,122677
575,15,梅园三街坊,201803,123128
576,16,滨江凯旋门,201504,117924
577,16,滨江凯旋门,201505,119854
578,16,滨江凯旋门,201506,117014
579,16,滨江凯旋门,201507,115682
580,16,滨江凯旋门,201508,115401
581,16,滨江凯旋门,201509,112988
582,16,滨江凯旋门,201510,110907
583,16,滨江凯旋门,201511,113757
584,16,滨江凯旋门,201512,122527
585,16,滨江凯旋门,201601,124584
586,16,滨江凯旋门,201602,129750
587,16,滨江凯旋门,201603,151872
588,16,滨江凯旋门,201604,151221
589,16,滨江凯旋门,201605,149934
590,16,滨江凯旋门,201606,150874
591,16,滨江凯旋门,201607,147484
592,16,滨江凯旋门,201608,123978
593,16,滨江凯旋门,201609,127717
594,16,滨江凯旋门,201610,133054
595,16,滨江凯旋门,201611,147193
596,16,滨江凯旋门,201612,153574
597,16,滨江凯旋门,201701,141101
598,16,滨江凯旋门,201702,149765
599,16,滨江凯旋门,201703,148418
600,16,滨江凯旋门,201704,160160
601,16,滨江凯旋门,201705,162597
602,16,滨江凯旋门,201706,172857
603,16,滨江凯旋门,201707,183829
604,16,滨江凯旋门,201708,188382
605,16,滨江凯旋门,201709,172020
606,16,滨江凯旋门,201710,178943
607,16,滨江凯旋门,201711,173945
608,16,滨江凯旋门,201712,173623
609,16,滨江凯旋门,201801,184129
610,16,滨江凯旋门,201802,185319
611,16,滨江凯旋门,201803,188854
612,17,云台小区,201504,33199
613,17,云台小区,201505,31897
614,17,云台小区,201506,33562
615,17,云台小区,201507,32321
616,17,云台小区,201508,33593
617,17,云台小区,201509,34047
618,17,云台小区,201510,31791
619,17,云台小区,201511,35065
620,17,云台小区,201512,38236
621,17,云台小区,201601,37451
622,17,云台小区,201602,36147
623,17,云台小区,201603,47257
624,17,云台小区,201604,46993
625,17,云台小区,201605,47854
626,17,云台小区,201606,45997
627,17,云台小区,201607,46074
628,17,云台小区,201608,47844
629,17,云台小区,201609,46817
630,17,云台小区,201610,48752
631,17,云台小区,201611,53977
632,17,云台小区,201612,59933
633,17,云台小区,201701,56726
634,17,云台小区,201702,49098
635,17,云台小区,201703,48990
636,17,云台小区,201704,47515
637,17,云台小区,201705,50865
638,17,云台小区,201706,51342
639,17,云台小区,201707,52862
640,17,云台小区,201708,52740
641,17,云台小区,201709,53269
642,17,云台小区,201710,53692
643,17,云台小区,201711,54143
644,17,云台小区,201712,53974
645,17,云台小区,201801,52780
646,17,云台小区,201802,51188
647,17,云台小区,201803,50755
648,18,世茂湖滨花园(公寓),201504,43575
649,18,世茂湖滨花园(公寓),201505,44364
650,18,世茂湖滨花园(公寓),201506,45302
651,18,世茂湖滨花园(公寓),201507,47682
652,18,世茂湖滨花园(公寓),201508,49213
653,18,世茂湖滨花园(公寓),201509,50466
654,18,世茂湖滨花园(公寓),201510,50950
655,18,世茂湖滨花园(公寓),201511,52944
656,18,世茂湖滨花园(公寓),201512,54714
657,18,世茂湖滨花园(公寓),201601,62459
658,18,世茂湖滨花园(公寓),201602,65253
659,18,世茂湖滨花园(公寓),201603,71015
660,18,世茂湖滨花园(公寓),201604,70747
661,18,世茂湖滨花园(公寓),201605,70492
662,18,世茂湖滨花园(公寓),201606,66986
663,18,世茂湖滨花园(公寓),201607,67786
664,18,世茂湖滨花园(公寓),201608,68448
665,18,世茂湖滨花园(公寓),201609,70363
666,18,世茂湖滨花园(公寓),201610,72868
667,18,世茂湖滨花园(公寓),201611,77511
668,18,世茂湖滨花园(公寓),201612,76432
669,18,世茂湖滨花园(公寓),201701,79007
670,18,世茂湖滨花园(公寓),201702,78340
671,18,世茂湖滨花园(公寓),201703,78098
672,18,世茂湖滨花园(公寓),201704,77663
673,18,世茂湖滨花园(公寓),201705,81777
674,18,世茂湖滨花园(公寓),201706,82151
675,18,世茂湖滨花园(公寓),201707,81263
676,18,世茂湖滨花园(公寓),201708,78263
677,18,世茂湖滨花园(公寓),201709,77009
678,18,世茂湖滨花园(公寓),201710,76422
679,18,世茂湖滨花园(公寓),201711,76737
680,18,世茂湖滨花园(公寓),201712,76362
681,18,世茂湖滨花园(公寓),201801,76851
682,18,世茂湖滨花园(公寓),201802,78023
683,18,世茂湖滨花园(公寓),201803,78422
684,19,金海华城永华苑,201504,0
685,19,金海华城永华苑,201505,0
686,19,金海华城永华苑,201506,0
687,19,金海华城永华苑,201507,0
688,19,金海华城永华苑,201508,0
689,19,金海华城永华苑,201509,0
690,19,金海华城永华苑,201510,0
691,19,金海华城永华苑,201511,0
692,19,金海华城永华苑,201512,0
693,19,金海华城永华苑,201601,0
694,19,金海华城永华苑,201602,0
695,19,金海华城永华苑,201603,0
696,19,金海华城永华苑,201604,0
697,19,金海华城永华苑,201605,0
698,19,金海华城永华苑,201606,0
699,19,金海华城永华苑,201607,0
700,19,金海华城永华苑,201608,0
701,19,金海华城永华苑,201609,0
702,19,金海华城永华苑,201610,0
703,19,金海华城永华苑,201611,0
704,19,金海华城永华苑,201612,0
705,19,金海华城永华苑,201701,0
706,19,金海华城永华苑,201702,0
707,19,金海华城永华苑,201703,0
708,19,金海华城永华苑,201704,36672
709,19,金海华城永华苑,201705,37703
710,19,金海华城永华苑,201706,39163
711,19,金海华城永华苑,201707,38219
712,19,金海华城永华苑,201708,37786
713,19,金海华城永华苑,201709,37700
714,19,金海华城永华苑,201710,38487
715,19,金海华城永华苑,201711,36997
716,19,金海华城永华苑,201712,36880
717,19,金海华城永华苑,201801,36840
718,19,金海华城永华苑,201802,36588
719,19,金海华城永华苑,201803,36544
720,20,星河湾,201504,65443
721,20,星河湾,201505,66231
722,20,星河湾,201506,66677
723,20,星河湾,201507,67572
724,20,星河湾,201508,67590
725,20,星河湾,201509,67741
726,20,星河湾,201510,68265
727,20,星河湾,201511,68266
728,20,星河湾,201512,69163
729,20,星河湾,201601,74297
730,20,星河湾,201602,78486
731,20,星河湾,201603,94787
732,20,星河湾,201604,100574
733,20,星河湾,201605,99626
734,20,星河湾,201606,100184
735,20,星河湾,201607,95042
736,20,星河湾,201608,86908
737,20,星河湾,201609,91333
738,20,星河湾,201610,97619
739,20,星河湾,201611,99589
740,20,星河湾,201612,102054
741,20,星河湾,201701,102587
742,20,星河湾,201702,102447
743,20,星河湾,201703,103475
744,20,星河湾,201704,106148
745,20,星河湾,201705,106666
746,20,星河湾,201706,107317
747,20,星河湾,201707,107659
748,20,星河湾,201708,107649
749,20,星河湾,201709,107447
750,20,星河湾,201710,107010
751,20,星河湾,201711,107545
752,20,星河湾,201712,107695
753,20,星河湾,201801,109420
754,20,星河湾,201802,109961
755,20,星河湾,201803,109417
756,21,紫薇公寓,201504,61290
757,21,紫薇公寓,201505,53932
758,21,紫薇公寓,201506,53932
759,21,紫薇公寓,201507,60699
760,21,紫薇公寓,201508,49296
761,21,紫薇公寓,201509,40312
762,21,紫薇公寓,201510,26219
763,21,紫薇公寓,201511,44717
764,21,紫薇公寓,201512,62566
765,21,紫薇公寓,201601,48739
766,21,紫薇公寓,201602,51593
767,21,紫薇公寓,201603,58259
768,21,紫薇公寓,201604,61317
769,21,紫薇公寓,201605,59734
770,21,紫薇公寓,201606,55568
771,21,紫薇公寓,201607,56204
772,21,紫薇公寓,201608,65939
773,21,紫薇公寓,201609,57928
774,21,紫薇公寓,201610,69028
775,21,紫薇公寓,201611,52760
776,21,紫薇公寓,201612,54333
777,21,紫薇公寓,201701,69692
778,21,紫薇公寓,201702,70157
779,21,紫薇公寓,201703,70341
780,21,紫薇公寓,201704,66890
781,21,紫薇公寓,201705,66906
782,21,紫薇公寓,201706,68343
783,21,紫薇公寓,201707,44414
784,21,紫薇公寓,201708,14858
785,21,紫薇公寓,201709,15000
786,21,紫薇公寓,201710,15013
787,21,紫薇公寓,201711,14553
788,21,紫薇公寓,201712,14785
789,21,紫薇公寓,201801,14727
790,21,紫薇公寓,201802,14436
791,21,紫薇公寓,201803,14635
792,22,万邦都市花园,201504,41024
793,22,万邦都市花园,201505,42192
794,22,万邦都市花园,201506,43625
795,22,万邦都市花园,201507,46292
796,22,万邦都市花园,201508,48917
797,22,万邦都市花园,201509,49114
798,22,万邦都市花园,201510,51661
799,22,万邦都市花园,201511,53502
800,22,万邦都市花园,201512,54347
801,22,万邦都市花园,201601,58012
802,22,万邦都市花园,201602,60854
803,22,万邦都市花园,201603,69293
804,22,万邦都市花园,201604,69277
805,22,万邦都市花园,201605,67057
806,22,万邦都市花园,201606,65636
807,22,万邦都市花园,201607,67253
808,22,万邦都市花园,201608,68332
809,22,万邦都市花园,201609,69117
810,22,万邦都市花园,201610,72287
811,22,万邦都市花园,201611,72921
812,22,万邦都市花园,201612,73428
813,22,万邦都市花园,201701,73849
814,22,万邦都市花园,201702,73130
815,22,万邦都市花园,201703,72453
816,22,万邦都市花园,201704,74196
817,22,万邦都市花园,201705,83087
818,22,万邦都市花园,201706,83598
819,22,万邦都市花园,201707,83237
820,22,万邦都市花园,201708,78763
821,22,万邦都市花园,201709,78007
822,22,万邦都市花园,201710,77589
823,22,万邦都市花园,201711,78582
824,22,万邦都市花园,201712,79364
825,22,万邦都市花园,201801,80680
826,22,万邦都市花园,201802,80542
827,22,万邦都市花园,201803,80921
828,23,盛大金磐花园,201504,69973
829,23,盛大金磐花园,201505,72645
830,23,盛大金磐花园,201506,76958
831,23,盛大金磐花园,201507,79150
832,23,盛大金磐花园,201508,78587
833,23,盛大金磐花园,201509,78750
834,23,盛大金磐花园,201510,78887
835,23,盛大金磐花园,201511,77573
836,23,盛大金磐花园,201512,79713
837,23,盛大金磐花园,201601,86056
838,23,盛大金磐花园,201602,89624
839,23,盛大金磐花园,201603,104904
840,23,盛大金磐花园,201604,104455
841,23,盛大金磐花园,201605,103566
842,23,盛大金磐花园,201606,104216
843,23,盛大金磐花园,201607,102269
844,23,盛大金磐花园,201608,95723
845,23,盛大金磐花园,201609,99395
846,23,盛大金磐花园,201610,102248
847,23,盛大金磐花园,201611,103638
848,23,盛大金磐花园,201612,106421
849,23,盛大金磐花园,201701,104166
850,23,盛大金磐花园,201702,104444
851,23,盛大金磐花园,201703,103044
852,23,盛大金磐花园,201704,104162
853,23,盛大金磐花园,201705,108680
854,23,盛大金磐花园,201706,109151
855,23,盛大金磐花园,201707,111311
856,23,盛大金磐花园,201708,109784
857,23,盛大金磐花园,201709,112207
858,23,盛大金磐花园,201710,110118
859,23,盛大金磐花园,201711,112347
860,23,盛大金磐花园,201712,111281
861,23,盛大金磐花园,201801,111919
862,23,盛大金磐花园,201802,114638
863,23,盛大金磐花园,201803,114719
864,24,乾景雅园(别墅),201504,0
865,24,乾景雅园(别墅),201505,0
866,24,乾景雅园(别墅),201506,0
867,24,乾景雅园(别墅),201507,0
868,24,乾景雅园(别墅),201508,0
869,24,乾景雅园(别墅),201509,0
870,24,乾景雅园(别墅),201510,0
871,24,乾景雅园(别墅),201511,0
872,24,乾景雅园(别墅),201512,0
873,24,乾景雅园(别墅),201601,0
874,24,乾景雅园(别墅),201602,0
875,24,乾景雅园(别墅),201603,0
876,24,乾景雅园(别墅),201604,0
877,24,乾景雅园(别墅),201605,0
878,24,乾景雅园(别墅),201606,0
879,24,乾景雅园(别墅),201607,0
880,24,乾景雅园(别墅),201608,0
881,24,乾景雅园(别墅),201609,0
882,24,乾景雅园(别墅),201610,0
883,24,乾景雅园(别墅),201611,0
884,24,乾景雅园(别墅),201612,0
885,24,乾景雅园(别墅),201701,0
886,24,乾景雅园(别墅),201702,0
887,24,乾景雅园(别墅),201703,0
888,24,乾景雅园(别墅),201704,0
889,24,乾景雅园(别墅),201705,79411
890,24,乾景雅园(别墅),201706,78821
891,24,乾景雅园(别墅),201707,80063
892,24,乾景雅园(别墅),201708,84225
893,24,乾景雅园(别墅),201709,83454
894,24,乾景雅园(别墅),201710,88562
895,24,乾景雅园(别墅),201711,87602
896,24,乾景雅园(别墅),201712,87915
897,24,乾景雅园(别墅),201801,90462
898,24,乾景雅园(别墅),201802,89130
899,24,乾景雅园(别墅),201803,89130
900,25,星颂家园,201504,19368
901,25,星颂家园,201505,20272
902,25,星颂家园,201506,21131
903,25,星颂家园,201507,22196
904,25,星颂家园,201508,22642
905,25,星颂家园,201509,23115
906,25,星颂家园,201510,23707
907,25,星颂家园,201511,24444
908,25,星颂家园,201512,24717
909,25,星颂家园,201601,25992
910,25,星颂家园,201602,27089
911,25,星颂家园,201603,32412
912,25,星颂家园,201604,34035
913,25,星颂家园,201605,33559
914,25,星颂家园,201606,34088
915,25,星颂家园,201607,35172
916,25,星颂家园,201608,37267
917,25,星颂家园,201609,39106
918,25,星颂家园,201610,43404
919,25,星颂家园,201611,44038
920,25,星颂家园,201612,44369
921,25,星颂家园,201701,45199
922,25,星颂家园,201702,44952
923,25,星颂家园,201703,44292
924,25,星颂家园,201704,44201
925,25,星颂家园,201705,45310
926,25,星颂家园,201706,45278
927,25,星颂家园,201707,45080
928,25,星颂家园,201708,44286
929,25,星颂家园,201709,43690
930,25,星颂家园,201710,43221
931,25,星颂家园,201711,42959
932,25,星颂家园,201712,42875
933,25,星颂家园,201801,42374
934,25,星颂家园,201802,42427
935,25,星颂家园,201803,42609
936,26,丽泽兰馨苑,201504,8011
937,26,丽泽兰馨苑,201505,8053
938,26,丽泽兰馨苑,201506,8947
939,26,丽泽兰馨苑,201507,9054
940,26,丽泽兰馨苑,201508,9688
941,26,丽泽兰馨苑,201509,9993
942,26,丽泽兰馨苑,201510,9782
943,26,丽泽兰馨苑,201511,9674
944,26,丽泽兰馨苑,201512,9524
945,26,丽泽兰馨苑,201601,9402
946,26,丽泽兰馨苑,201602,9236
947,26,丽泽兰馨苑,201603,9548
948,26,丽泽兰馨苑,201604,11363
949,26,丽泽兰馨苑,201605,10268
950,26,丽泽兰馨苑,201606,10295
951,26,丽泽兰馨苑,201607,10575
952,26,丽泽兰馨苑,201608,12426
953,26,丽泽兰馨苑,201609,14273
954,26,丽泽兰馨苑,201610,19200
955,26,丽泽兰馨苑,201611,20643
956,26,丽泽兰馨苑,201612,20590
957,26,丽泽兰馨苑,201701,22324
958,26,丽泽兰馨苑,201702,22675
959,26,丽泽兰馨苑,201703,22951
960,26,丽泽兰馨苑,201704,23316
961,26,丽泽兰馨苑,201705,23238
962,26,丽泽兰馨苑,201706,23272
963,26,丽泽兰馨苑,201707,23449
964,26,丽泽兰馨苑,201708,21975
965,26,丽泽兰馨苑,201709,22038
966,26,丽泽兰馨苑,201710,21769
967,26,丽泽兰馨苑,201711,22049
968,26,丽泽兰馨苑,201712,22176
969,26,丽泽兰馨苑,201801,22663
970,26,丽泽兰馨苑,201802,23137
971,26,丽泽兰馨苑,201803,22657
972,27,汇豪天下,201504,56880
973,27,汇豪天下,201505,57115
974,27,汇豪天下,201506,57166
975,27,汇豪天下,201507,58002
976,27,汇豪天下,201508,58498
977,27,汇豪天下,201509,58897
978,27,汇豪天下,201510,58564
979,27,汇豪天下,201511,61364
980,27,汇豪天下,201512,63589
981,27,汇豪天下,201601,67053
982,27,汇豪天下,201602,69954
983,27,汇豪天下,201603,82474
984,27,汇豪天下,201604,81545
985,27,汇豪天下,201605,80755
986,27,汇豪天下,201606,81310
987,27,汇豪天下,201607,82164
988,27,汇豪天下,201608,83146
989,27,汇豪天下,201609,85818
990,27,汇豪天下,201610,90268
991,27,汇豪天下,201611,93500
992,27,汇豪天下,201612,93775
993,27,汇豪天下,201701,93101
994,27,汇豪天下,201702,93078
995,27,汇豪天下,201703,91549
996,27,汇豪天下,201704,92570
997,27,汇豪天下,201705,98377
998,27,汇豪天下,201706,99275
999,27,汇豪天下,201707,99425
1000,27,汇豪天下,201708,100219
1001,27,汇豪天下,201709,102181
1002,27,汇豪天下,201710,104159
1003,27,汇豪天下,201711,100698
1004,27,汇豪天下,201712,99980
1005,27,汇豪天下,201801,100911
1006,27,汇豪天下,201802,100854
1007,27,汇豪天下,201803,101795
1008,28,滴水湖馨苑,201504,0
1009,28,滴水湖馨苑,201505,0
1010,28,滴水湖馨苑,201506,0
1011,28,滴水湖馨苑,201507,0
1012,28,滴水湖馨苑,201508,0
1013,28,滴水湖馨苑,201509,0
1014,28,滴水湖馨苑,201510,0
1015,28,滴水湖馨苑,201511,0
1016,28,滴水湖馨苑,201512,0
1017,28,滴水湖馨苑,201601,0
1018,28,滴水湖馨苑,201602,0
1019,28,滴水湖馨苑,201603,0
1020,28,滴水湖馨苑,201604,0
1021,28,滴水湖馨苑,201605,0
1022,28,滴水湖馨苑,201606,0
1023,28,滴水湖馨苑,201607,0
1024,28,滴水湖馨苑,201608,0
1025,28,滴水湖馨苑,201609,0
1026,28,滴水湖馨苑,201610,0
1027,28,滴水湖馨苑,201611,0
1028,28,滴水湖馨苑,201612,0
1029,28,滴水湖馨苑,201701,0
1030,28,滴水湖馨苑,201702,0
1031,28,滴水湖馨苑,201703,0
1032,28,滴水湖馨苑,201704,0
1033,28,滴水湖馨苑,201705,0
1034,28,滴水湖馨苑,201706,0
1035,28,滴水湖馨苑,201707,0
1036,28,滴水湖馨苑,201708,0
1037,28,滴水湖馨苑,201709,0
1038,28,滴水湖馨苑,201710,0
1039,28,滴水湖馨苑,201711,0
1040,28,滴水湖馨苑,201712,0
1041,28,滴水湖馨苑,201801,29675
1042,28,滴水湖馨苑,201802,30356
1043,28,滴水湖馨苑,201803,30382
1044,29,上南花苑(三期),201504,0
1045,29,上南花苑(三期),201505,0
1046,29,上南花苑(三期),201506,0
1047,29,上南花苑(三期),201507,0
1048,29,上南花苑(三期),201508,0
1049,29,上南花苑(三期),201509,0
1050,29,上南花苑(三期),201510,0
1051,29,上南花苑(三期),201511,0
1052,29,上南花苑(三期),201512,0
1053,29,上南花苑(三期),201601,0
1054,29,上南花苑(三期),201602,0
1055,29,上南花苑(三期),201603,0
1056,29,上南花苑(三期),201604,0
1057,29,上南花苑(三期),201605,0
1058,29,上南花苑(三期),201606,0
1059,29,上南花苑(三期),201607,0
1060,29,上南花苑(三期),201608,0
1061,29,上南花苑(三期),201609,0
1062,29,上南花苑(三期),201610,0
1063,29,上南花苑(三期),201611,0
1064,29,上南花苑(三期),201612,0
1065,29,上南花苑(三期),201701,0
1066,29,上南花苑(三期),201702,0
1067,29,上南花苑(三期),201703,0
1068,29,上南花苑(三期),201704,0
1069,29,上南花苑(三期),201705,0
1070,29,上南花苑(三期),201706,0
1071,29,上南花苑(三期),201707,0
1072,29,上南花苑(三期),201708,0
1073,29,上南花苑(三期),201709,0
1074,29,上南花苑(三期),201710,0
1075,29,上南花苑(三期),201711,0
1076,29,上南花苑(三期),201712,0
1077,29,上南花苑(三期),201801,61500
1078,29,上南花苑(三期),201802,61752
1079,29,上南花苑(三期),201803,62944
1080,30,周东公寓,201504,0
1081,30,周东公寓,201505,18874
1082,30,周东公寓,201506,19243
1083,30,周东公寓,201507,19966
1084,30,周东公寓,201508,18860
1085,30,周东公寓,201509,20149
1086,30,周东公寓,201510,21519
1087,30,周东公寓,201511,21457
1088,30,周东公寓,201512,21346
1089,30,周东公寓,201601,20922
1090,30,周东公寓,201602,22692
1091,30,周东公寓,201603,27298
1092,30,周东公寓,201604,29461
1093,30,周东公寓,201605,26889
1094,30,周东公寓,201606,24336
1095,30,周东公寓,201607,24437
1096,30,周东公寓,201608,27778
1097,30,周东公寓,201609,27572
1098,30,周东公寓,201610,27586
1099,30,周东公寓,201611,27726
1100,30,周东公寓,201612,26850
1101,30,周东公寓,201701,27412
1102,30,周东公寓,201702,27481
1103,30,周东公寓,201703,27719
1104,30,周东公寓,201704,27255
1105,30,周东公寓,201705,26783
1106,30,周东公寓,201706,26357
1107,30,周东公寓,201707,26375
1108,30,周东公寓,201708,27006
1109,30,周东公寓,201709,27735
1110,30,周东公寓,201710,26724
1111,30,周东公寓,201711,26236
1112,30,周东公寓,201712,28868
1113,30,周东公寓,201801,25234
1114,30,周东公寓,201802,24009
1115,30,周东公寓,201803,24000
1116,31,鹤沙航城汇贤雅苑,201504,12512
1117,31,鹤沙航城汇贤雅苑,201505,12466
1118,31,鹤沙航城汇贤雅苑,201506,12518
1119,31,鹤沙航城汇贤雅苑,201507,12931
1120,31,鹤沙航城汇贤雅苑,201508,13362
1121,31,鹤沙航城汇贤雅苑,201509,13894
1122,31,鹤沙航城汇贤雅苑,201510,14549
1123,31,鹤沙航城汇贤雅苑,201511,15347
1124,31,鹤沙航城汇贤雅苑,201512,15319
1125,31,鹤沙航城汇贤雅苑,201601,16047
1126,31,鹤沙航城汇贤雅苑,201602,17038
1127,31,鹤沙航城汇贤雅苑,201603,20406
1128,31,鹤沙航城汇贤雅苑,201604,22465
1129,31,鹤沙航城汇贤雅苑,201605,21842
1130,31,鹤沙航城汇贤雅苑,201606,21498
1131,31,鹤沙航城汇贤雅苑,201607,22415
1132,31,鹤沙航城汇贤雅苑,201608,25206
1133,31,鹤沙航城汇贤雅苑,201609,27039
1134,31,鹤沙航城汇贤雅苑,201610,31625
1135,31,鹤沙航城汇贤雅苑,201611,32298
1136,31,鹤沙航城汇贤雅苑,201612,32156
1137,31,鹤沙航城汇贤雅苑,201701,32208
1138,31,鹤沙航城汇贤雅苑,201702,32034
1139,31,鹤沙航城汇贤雅苑,201703,31732
1140,31,鹤沙航城汇贤雅苑,201704,31625
1141,31,鹤沙航城汇贤雅苑,201705,32104
1142,31,鹤沙航城汇贤雅苑,201706,32481
1143,31,鹤沙航城汇贤雅苑,201707,32656
1144,31,鹤沙航城汇贤雅苑,201708,32438
1145,31,鹤沙航城汇贤雅苑,201709,32526
1146,31,鹤沙航城汇贤雅苑,201710,32595
1147,31,鹤沙航城汇贤雅苑,201711,32598
1148,31,鹤沙航城汇贤雅苑,201712,32694
1149,31,鹤沙航城汇贤雅苑,201801,31883
1150,31,鹤沙航城汇贤雅苑,201802,31674
1151,31,鹤沙航城汇贤雅苑,201803,31894
1152,32,康桥半岛城中花园,201504,22127
1153,32,康桥半岛城中花园,201505,22301
1154,32,康桥半岛城中花园,201506,22754
1155,32,康桥半岛城中花园,201507,23262
1156,32,康桥半岛城中花园,201508,23361
1157,32,康桥半岛城中花园,201509,23735
1158,32,康桥半岛城中花园,201510,24384
1159,32,康桥半岛城中花园,201511,25592
1160,32,康桥半岛城中花园,201512,26155
1161,32,康桥半岛城中花园,201601,27997
1162,32,康桥半岛城中花园,201602,29895
1163,32,康桥半岛城中花园,201603,36541
1164,32,康桥半岛城中花园,201604,38005
1165,32,康桥半岛城中花园,201605,37883
1166,32,康桥半岛城中花园,201606,38368
1167,32,康桥半岛城中花园,201607,38704
1168,32,康桥半岛城中花园,201608,39609
1169,32,康桥半岛城中花园,201609,41601
1170,32,康桥半岛城中花园,201610,43828
1171,32,康桥半岛城中花园,201611,44621
1172,32,康桥半岛城中花园,201612,44066
1173,32,康桥半岛城中花园,201701,44418
1174,32,康桥半岛城中花园,201702,44593
1175,32,康桥半岛城中花园,201703,44379
1176,32,康桥半岛城中花园,201704,44908
1177,32,康桥半岛城中花园,201705,46605
1178,32,康桥半岛城中花园,201706,46102
1179,32,康桥半岛城中花园,201707,45909
1180,32,康桥半岛城中花园,201708,44626
1181,32,康桥半岛城中花园,201709,44658
1182,32,康桥半岛城中花园,201710,45696
1183,32,康桥半岛城中花园,201711,44900
1184,32,康桥半岛城中花园,201712,43869
1185,32,康桥半岛城中花园,201801,43160
1186,32,康桥半岛城中花园,201802,42860
1187,32,康桥半岛城中花园,201803,43450
1188,33,浦发御园,201504,39173
1189,33,浦发御园,201505,39783
1190,33,浦发御园,201506,40132
1191,33,浦发御园,201507,41295
1192,33,浦发御园,201508,46653
1193,33,浦发御园,201509,44707
1194,33,浦发御园,201510,44747
1195,33,浦发御园,201511,44687
1196,33,浦发御园,201512,45198
1197,33,浦发御园,201601,47122
1198,33,浦发御园,201602,50117
1199,33,浦发御园,201603,58411
1200,33,浦发御园,201604,61371
1201,33,浦发御园,201605,63269
1202,33,浦发御园,201606,59272
1203,33,浦发御园,201607,61221
1204,33,浦发御园,201608,62080
1205,33,浦发御园,201609,65509
1206,33,浦发御园,201610,67328
1207,33,浦发御园,201611,66651
1208,33,浦发御园,201612,67465
1209,33,浦发御园,201701,67490
1210,33,浦发御园,201702,67591
1211,33,浦发御园,201703,66161
1212,33,浦发御园,201704,69516
1213,33,浦发御园,201705,73735
1214,33,浦发御园,201706,73100
1215,33,浦发御园,201707,71754
1216,33,浦发御园,201708,68014
1217,33,浦发御园,201709,67998
1218,33,浦发御园,201710,65997
1219,33,浦发御园,201711,63342
1220,33,浦发御园,201712,63121
1221,33,浦发御园,201801,63279
1222,33,浦发御园,201802,63408
1223,33,浦发御园,201803,63237
1224,34,印象春城,201504,24667
1225,34,印象春城,201505,25169
1226,34,印象春城,201506,25586
1227,34,印象春城,201507,25930
1228,34,印象春城,201508,26529
1229,34,印象春城,201509,27250
1230,34,印象春城,201510,28468
1231,34,印象春城,201511,29177
1232,34,印象春城,201512,29277
1233,34,印象春城,201601,30944
1234,34,印象春城,201602,33115
1235,34,印象春城,201603,40139
1236,34,印象春城,201604,41859
1237,34,印象春城,201605,40589
1238,34,印象春城,201606,41419
1239,34,印象春城,201607,42327
1240,34,印象春城,201608,43701
1241,34,印象春城,201609,45468
1242,34,印象春城,201610,47405
1243,34,印象春城,201611,48621
1244,34,印象春城,201612,49163
1245,34,印象春城,201701,50482
1246,34,印象春城,201702,50416
1247,34,印象春城,201703,50000
1248,34,印象春城,201704,50107
1249,34,印象春城,201705,51707
1250,34,印象春城,201706,51023
1251,34,印象春城,201707,50390
1252,34,印象春城,201708,49146
1253,34,印象春城,201709,48410
1254,34,印象春城,201710,48694
1255,34,印象春城,201711,48179
1256,34,印象春城,201712,47606
1257,34,印象春城,201801,47023
1258,34,印象春城,201802,46258
1259,34,印象春城,201803,46430
1260,35,御翠园,201504,114004
1261,35,御翠园,201505,116691
1262,35,御翠园,201506,117578
1263,35,御翠园,201507,118191
1264,35,御翠园,201508,117664
1265,35,御翠园,201509,115231
1266,35,御翠园,201510,117182
1267,35,御翠园,201511,120764
1268,35,御翠园,201512,117364
1269,35,御翠园,201601,125539
1270,35,御翠园,201602,131217
1271,35,御翠园,201603,149190
1272,35,御翠园,201604,146078
1273,35,御翠园,201605,145854
1274,35,御翠园,201606,144941
1275,35,御翠园,201607,140706
1276,35,御翠园,201608,108158
1277,35,御翠园,201609,111831
1278,35,御翠园,201610,119419
1279,35,御翠园,201611,132704
1280,35,御翠园,201612,140839
1281,35,御翠园,201701,135687
1282,35,御翠园,201702,139395
1283,35,御翠园,201703,140871
1284,35,御翠园,201704,143519
1285,35,御翠园,201705,149360
1286,35,御翠园,201706,151615
1287,35,御翠园,201707,157179
1288,35,御翠园,201708,162116
1289,35,御翠园,201709,161478
1290,35,御翠园,201710,158206
1291,35,御翠园,201711,159572
1292,35,御翠园,201712,160627
1293,35,御翠园,201801,161971
1294,35,御翠园,201802,162251
1295,35,御翠园,201803,162098
1296,36,保利艾庐,201504,32288
1297,36,保利艾庐,201505,33515
1298,36,保利艾庐,201506,32914
1299,36,保利艾庐,201507,33120
1300,36,保利艾庐,201508,32613
1301,36,保利艾庐,201509,32148
1302,36,保利艾庐,201510,32351
1303,36,保利艾庐,201511,35428
1304,36,保利艾庐,201512,37413
1305,36,保利艾庐,201601,36095
1306,36,保利艾庐,201602,36921
1307,36,保利艾庐,201603,44415
1308,36,保利艾庐,201604,46099
1309,36,保利艾庐,201605,45829
1310,36,保利艾庐,201606,43603
1311,36,保利艾庐,201607,43985
1312,36,保利艾庐,201608,45189
1313,36,保利艾庐,201609,46669
1314,36,保利艾庐,201610,47943
1315,36,保利艾庐,201611,46541
1316,36,保利艾庐,201612,46363
1317,36,保利艾庐,201701,45531
1318,36,保利艾庐,201702,45200
1319,36,保利艾庐,201703,46571
1320,36,保利艾庐,201704,46786
1321,36,保利艾庐,201705,46337
1322,36,保利艾庐,201706,46351
1323,36,保利艾庐,201707,46482
1324,36,保利艾庐,201708,46416
1325,36,保利艾庐,201709,46103
1326,36,保利艾庐,201710,46268
1327,36,保利艾庐,201711,45970
1328,36,保利艾庐,201712,45255
1329,36,保利艾庐,201801,45267
1330,36,保利艾庐,201802,44932
1331,36,保利艾庐,201803,44987
1332,37,星纳家园,201504,18092
1333,37,星纳家园,201505,18149
1334,37,星纳家园,201506,18377
1335,37,星纳家园,201507,19045
1336,37,星纳家园,201508,19683
1337,37,星纳家园,201509,20276
1338,37,星纳家园,201510,20780
1339,37,星纳家园,201511,20546
1340,37,星纳家园,201512,21053
1341,37,星纳家园,201601,23424
1342,37,星纳家园,201602,24203
1343,37,星纳家园,201603,28518
1344,37,星纳家园,201604,30940
1345,37,星纳家园,201605,31728
1346,37,星纳家园,201606,32966
1347,37,星纳家园,201607,33996
1348,37,星纳家园,201608,36172
1349,37,星纳家园,201609,39609
1350,37,星纳家园,201610,42743
1351,37,星纳家园,201611,44057
1352,37,星纳家园,201612,44342
1353,37,星纳家园,201701,43886
1354,37,星纳家园,201702,44077
1355,37,星纳家园,201703,43250
1356,37,星纳家园,201704,43225
1357,37,星纳家园,201705,44241
1358,37,星纳家园,201706,44167
1359,37,星纳家园,201707,43901
1360,37,星纳家园,201708,43325
1361,37,星纳家园,201709,42740
1362,37,星纳家园,201710,42477
1363,37,星纳家园,201711,42098
1364,37,星纳家园,201712,41259
1365,37,星纳家园,201801,40627
1366,37,星纳家园,201802,40647
1367,37,星纳家园,201803,40885
1368,38,金梅雅苑,201504,8899
1369,38,金梅雅苑,201505,11345
1370,38,金梅雅苑,201506,11315
1371,38,金梅雅苑,201507,11625
1372,38,金梅雅苑,201508,11255
1373,38,金梅雅苑,201509,13672
1374,38,金梅雅苑,201510,12019
1375,38,金梅雅苑,201511,11683
1376,38,金梅雅苑,201512,11875
1377,38,金梅雅苑,201601,12497
1378,38,金梅雅苑,201602,13071
1379,38,金梅雅苑,201603,12830
1380,38,金梅雅苑,201604,13139
1381,38,金梅雅苑,201605,13431
1382,38,金梅雅苑,201606,13104
1383,38,金梅雅苑,201607,13093
1384,38,金梅雅苑,201608,12205
1385,38,金梅雅苑,201609,12453
1386,38,金梅雅苑,201610,12216
1387,38,金梅雅苑,201611,12125
1388,38,金梅雅苑,201612,12102
1389,38,金梅雅苑,201701,12753
1390,38,金梅雅苑,201702,15847
1391,38,金梅雅苑,201703,16472
1392,38,金梅雅苑,201704,16753
1393,38,金梅雅苑,201705,24216
1394,38,金梅雅苑,201706,24489
1395,38,金梅雅苑,201707,23977
1396,38,金梅雅苑,201708,23798
1397,38,金梅雅苑,201709,23744
1398,38,金梅雅苑,201710,23715
1399,38,金梅雅苑,201711,27496
1400,38,金梅雅苑,201712,25531
1401,38,金梅雅苑,201801,24483
1402,38,金梅雅苑,201802,24254
1403,38,金梅雅苑,201803,24127
1404,39,万科金色城市,201504,39939
1405,39,万科金色城市,201505,41016
1406,39,万科金色城市,201506,41686
1407,39,万科金色城市,201507,42781
1408,39,万科金色城市,201508,44090
1409,39,万科金色城市,201509,45542
1410,39,万科金色城市,201510,46693
1411,39,万科金色城市,201511,47844
1412,39,万科金色城市,201512,49457
1413,39,万科金色城市,201601,52674
1414,39,万科金色城市,201602,55093
1415,39,万科金色城市,201603,64144
1416,39,万科金色城市,201604,65715
1417,39,万科金色城市,201605,64144
1418,39,万科金色城市,201606,63589
1419,39,万科金色城市,201607,65813
1420,39,万科金色城市,201608,65829
1421,39,万科金色城市,201609,66983
1422,39,万科金色城市,201610,69236
1423,39,万科金色城市,201611,74726
1424,39,万科金色城市,201612,75765
1425,39,万科金色城市,201701,74135
1426,39,万科金色城市,201702,73452
1427,39,万科金色城市,201703,72835
1428,39,万科金色城市,201704,72222
1429,39,万科金色城市,201705,76911
1430,39,万科金色城市,201706,78273
1431,39,万科金色城市,201707,75347
1432,39,万科金色城市,201708,72804
1433,39,万科金色城市,201709,72670
1434,39,万科金色城市,201710,74256
1435,39,万科金色城市,201711,71779
1436,39,万科金色城市,201712,70871
1437,39,万科金色城市,201801,71486
1438,39,万科金色城市,201802,69888
1439,39,万科金色城市,201803,69863
1440,40,东港公寓,201504,34474
1441,40,东港公寓,201505,34401
1442,40,东港公寓,201506,35204
1443,40,东港公寓,201507,38632
1444,40,东港公寓,201508,39473
1445,40,东港公寓,201509,39601
1446,40,东港公寓,201510,39532
1447,40,东港公寓,201511,38140
1448,40,东港公寓,201512,41048
1449,40,东港公寓,201601,45996
1450,40,东港公寓,201602,51322
1451,40,东港公寓,201603,58883
1452,40,东港公寓,201604,58750
1453,40,东港公寓,201605,58158
1454,40,东港公寓,201606,59331
1455,40,东港公寓,201607,59363
1456,40,东港公寓,201608,59237
1457,40,东港公寓,201609,59860
1458,40,东港公寓,201610,63133
1459,40,东港公寓,201611,66400
1460,40,东港公寓,201612,63505
1461,40,东港公寓,201701,65522
1462,40,东港公寓,201702,66250
1463,40,东港公寓,201703,63774
1464,40,东港公寓,201704,64938
1465,40,东港公寓,201705,65713
1466,40,东港公寓,201706,64291
1467,40,东港公寓,201707,64269
1468,40,东港公寓,201708,66151
1469,40,东港公寓,201709,66753
1470,40,东港公寓,201710,65572
1471,40,东港公寓,201711,67958
1472,40,东港公寓,201712,64989
1473,40,东港公寓,201801,51712
1474,40,东港公寓,201802,46527
1475,40,东港公寓,201803,47182
1476,41,幸福小镇明丰绿都,201504,28955
1477,41,幸福小镇明丰绿都,201505,29296
1478,41,幸福小镇明丰绿都,201506,29898
1479,41,幸福小镇明丰绿都,201507,30129
1480,41,幸福小镇明丰绿都,201508,30715
1481,41,幸福小镇明丰绿都,201509,31620
1482,41,幸福小镇明丰绿都,201510,31944
1483,41,幸福小镇明丰绿都,201511,32810
1484,41,幸福小镇明丰绿都,201512,34103
1485,41,幸福小镇明丰绿都,201601,36992
1486,41,幸福小镇明丰绿都,201602,37699
1487,41,幸福小镇明丰绿都,201603,45103
1488,41,幸福小镇明丰绿都,201604,47388
1489,41,幸福小镇明丰绿都,201605,46521
1490,41,幸福小镇明丰绿都,201606,46642
1491,41,幸福小镇明丰绿都,201607,47490
1492,41,幸福小镇明丰绿都,201608,48283
1493,41,幸福小镇明丰绿都,201609,49576
1494,41,幸福小镇明丰绿都,201610,51221
1495,41,幸福小镇明丰绿都,201611,53231
1496,41,幸福小镇明丰绿都,201612,53308
1497,41,幸福小镇明丰绿都,201701,53929
1498,41,幸福小镇明丰绿都,201702,54629
1499,41,幸福小镇明丰绿都,201703,54722
1500,41,幸福小镇明丰绿都,201704,54945
1501,41,幸福小镇明丰绿都,201705,57177
1502,41,幸福小镇明丰绿都,201706,57088
1503,41,幸福小镇明丰绿都,201707,56783
1504,41,幸福小镇明丰绿都,201708,55343
1505,41,幸福小镇明丰绿都,201709,55909
1506,41,幸福小镇明丰绿都,201710,55463
1507,41,幸福小镇明丰绿都,201711,54264
1508,41,幸福小镇明丰绿都,201712,53597
1509,41,幸福小镇明丰绿都,201801,54566
1510,41,幸福小镇明丰绿都,201802,54141
1511,41,幸福小镇明丰绿都,201803,53712
1512,42,浦发绿城,201504,0
1513,42,浦发绿城,201505,0
1514,42,浦发绿城,201506,0
1515,42,浦发绿城,201507,0
1516,42,浦发绿城,201508,0
1517,42,浦发绿城,201509,0
1518,42,浦发绿城,201510,0
1519,42,浦发绿城,201511,0
1520,42,浦发绿城,201512,0
1521,42,浦发绿城,201601,0
1522,42,浦发绿城,201602,0
1523,42,浦发绿城,201603,0
1524,42,浦发绿城,201604,0
1525,42,浦发绿城,201605,0
1526,42,浦发绿城,201606,0
1527,42,浦发绿城,201607,0
1528,42,浦发绿城,201608,0
1529,42,浦发绿城,201609,0
1530,42,浦发绿城,201610,0
1531,42,浦发绿城,201611,0
1532,42,浦发绿城,201612,0
1533,42,浦发绿城,201701,0
1534,42,浦发绿城,201702,0
1535,42,浦发绿城,201703,0
1536,42,浦发绿城,201704,0
1537,42,浦发绿城,201705,0
1538,42,浦发绿城,201706,0
1539,42,浦发绿城,201707,0
1540,42,浦发绿城,201708,0
1541,42,浦发绿城,201709,0
1542,42,浦发绿城,201710,0
1543,42,浦发绿城,201711,0
1544,42,浦发绿城,201712,0
1545,42,浦发绿城,201801,50408
1546,42,浦发绿城,201802,49455
1547,42,浦发绿城,201803,48983
1548,43,花木绿城锦绣兰庭,201504,0
1549,43,花木绿城锦绣兰庭,201505,0
1550,43,花木绿城锦绣兰庭,201506,0
1551,43,花木绿城锦绣兰庭,201507,0
1552,43,花木绿城锦绣兰庭,201508,0
1553,43,花木绿城锦绣兰庭,201509,0
1554,43,花木绿城锦绣兰庭,201510,0
1555,43,花木绿城锦绣兰庭,201511,0
1556,43,花木绿城锦绣兰庭,201512,0
1557,43,花木绿城锦绣兰庭,201601,0
1558,43,花木绿城锦绣兰庭,201602,0
1559,43,花木绿城锦绣兰庭,201603,0
1560,43,花木绿城锦绣兰庭,201604,0
1561,43,花木绿城锦绣兰庭,201605,72364
1562,43,花木绿城锦绣兰庭,201606,77218
1563,43,花木绿城锦绣兰庭,201607,79172
1564,43,花木绿城锦绣兰庭,201608,87572
1565,43,花木绿城锦绣兰庭,201609,95214
1566,43,花木绿城锦绣兰庭,201610,96929
1567,43,花木绿城锦绣兰庭,201611,99313
1568,43,花木绿城锦绣兰庭,201612,101115
1569,43,花木绿城锦绣兰庭,201701,97398
1570,43,花木绿城锦绣兰庭,201702,94932
1571,43,花木绿城锦绣兰庭,201703,97278
1572,43,花木绿城锦绣兰庭,201704,97969
1573,43,花木绿城锦绣兰庭,201705,99376
1574,43,花木绿城锦绣兰庭,201706,96832
1575,43,花木绿城锦绣兰庭,201707,94460
1576,43,花木绿城锦绣兰庭,201708,94890
1577,43,花木绿城锦绣兰庭,201709,94552
1578,43,花木绿城锦绣兰庭,201710,95634
1579,43,花木绿城锦绣兰庭,201711,98648
1580,43,花木绿城锦绣兰庭,201712,100123
1581,43,花木绿城锦绣兰庭,201801,105405
1582,43,花木绿城锦绣兰庭,201802,108156
1583,43,花木绿城锦绣兰庭,201803,106240
1584,44,远洋万和四季,201504,0
1585,44,远洋万和四季,201505,0
1586,44,远洋万和四季,201506,0
1587,44,远洋万和四季,201507,0
1588,44,远洋万和四季,201508,0
1589,44,远洋万和四季,201509,0
1590,44,远洋万和四季,201510,0
1591,44,远洋万和四季,201511,0
1592,44,远洋万和四季,201512,19005
1593,44,远洋万和四季,201601,19296
1594,44,远洋万和四季,201602,20447
1595,44,远洋万和四季,201603,21095
1596,44,远洋万和四季,201604,22197
1597,44,远洋万和四季,201605,23273
1598,44,远洋万和四季,201606,23811
1599,44,远洋万和四季,201607,23594
1600,44,远洋万和四季,201608,26089
1601,44,远洋万和四季,201609,27620
1602,44,远洋万和四季,201610,28354
1603,44,远洋万和四季,201611,28499
1604,44,远洋万和四季,201612,28888
1605,44,远洋万和四季,201701,29305
1606,44,远洋万和四季,201702,29391
1607,44,远洋万和四季,201703,30054
1608,44,远洋万和四季,201704,30045
1609,44,远洋万和四季,201705,30802
1610,44,远洋万和四季,201706,31810
1611,44,远洋万和四季,201707,30657
1612,44,远洋万和四季,201708,30658
1613,44,远洋万和四季,201709,30853
1614,44,远洋万和四季,201710,30406
1615,44,远洋万和四季,201711,30002
1616,44,远洋万和四季,201712,30167
1617,44,远洋万和四季,201801,30269
1618,44,远洋万和四季,201802,30048
1619,44,远洋万和四季,201803,30000
1620,45,保利ONE56,201504,119617
1621,45,保利ONE56,201505,126680
1622,45,保利ONE56,201506,127655
1623,45,保利ONE56,201507,114885
1624,45,保利ONE56,201508,110185
1625,45,保利ONE56,201509,114141
1626,45,保利ONE56,201510,109841
1627,45,保利ONE56,201511,108300
1628,45,保利ONE56,201512,107727
1629,45,保利ONE56,201601,120674
1630,45,保利ONE56,201602,127014
1631,45,保利ONE56,201603,151597
1632,45,保利ONE56,201604,159442
1633,45,保利ONE56,201605,159732
1634,45,保利ONE56,201606,159452
1635,45,保利ONE56,201607,149906
1636,45,保利ONE56,201608,111519
1637,45,保利ONE56,201609,112302
1638,45,保利ONE56,201610,110694
1639,45,保利ONE56,201611,112614
1640,45,保利ONE56,201612,110018
1641,45,保利ONE56,201701,108363
1642,45,保利ONE56,201702,109055
1643,45,保利ONE56,201703,109111
1644,45,保利ONE56,201704,109120
1645,45,保利ONE56,201705,106767
1646,45,保利ONE56,201706,110035
1647,45,保利ONE56,201707,109815
1648,45,保利ONE56,201708,131666
1649,45,保利ONE56,201709,137579
1650,45,保利ONE56,201710,151740
1651,45,保利ONE56,201711,172086
1652,45,保利ONE56,201712,169973
1653,45,保利ONE56,201801,169201
1654,45,保利ONE56,201802,173184
1655,45,保利ONE56,201803,172131
1656,46,汇福家园吉祥里,201504,13455
1657,46,汇福家园吉祥里,201505,14005
1658,46,汇福家园吉祥里,201506,13982
1659,46,汇福家园吉祥里,201507,13693
1660,46,汇福家园吉祥里,201508,15286
1661,46,汇福家园吉祥里,201509,16408
1662,46,汇福家园吉祥里,201510,16302
1663,46,汇福家园吉祥里,201511,16550
1664,46,汇福家园吉祥里,201512,17597
1665,46,汇福家园吉祥里,201601,18684
1666,46,汇福家园吉祥里,201602,19684
1667,46,汇福家园吉祥里,201603,21339
1668,46,汇福家园吉祥里,201604,22432
1669,46,汇福家园吉祥里,201605,22415
1670,46,汇福家园吉祥里,201606,22162
1671,46,汇福家园吉祥里,201607,26029
1672,46,汇福家园吉祥里,201608,26725
1673,46,汇福家园吉祥里,201609,28608
1674,46,汇福家园吉祥里,201610,32034
1675,46,汇福家园吉祥里,201611,32702
1676,46,汇福家园吉祥里,201612,32720
1677,46,汇福家园吉祥里,201701,33136
1678,46,汇福家园吉祥里,201702,32800
1679,46,汇福家园吉祥里,201703,34517
1680,46,汇福家园吉祥里,201704,34938
1681,46,汇福家园吉祥里,201705,35172
1682,46,汇福家园吉祥里,201706,35504
1683,46,汇福家园吉祥里,201707,35623
1684,46,汇福家园吉祥里,201708,33693
1685,46,汇福家园吉祥里,201709,33333
1686,46,汇福家园吉祥里,201710,33350
1687,46,汇福家园吉祥里,201711,34385
1688,46,汇福家园吉祥里,201712,34339
1689,46,汇福家园吉祥里,201801,33912
1690,46,汇福家园吉祥里,201802,32918
1691,46,汇福家园吉祥里,201803,32964
1692,47,美林小城,201504,23600
1693,47,美林小城,201505,23886
1694,47,美林小城,201506,24099
1695,47,美林小城,201507,24564
1696,47,美林小城,201508,25136
1697,47,美林小城,201509,25880
1698,47,美林小城,201510,26586
1699,47,美林小城,201511,27744
1700,47,美林小城,201512,28115
1701,47,美林小城,201601,29598
1702,47,美林小城,201602,30806
1703,47,美林小城,201603,37858
1704,47,美林小城,201604,39527
1705,47,美林小城,201605,38681
1706,47,美林小城,201606,39113
1707,47,美林小城,201607,39741
1708,47,美林小城,201608,40973
1709,47,美林小城,201609,42363
1710,47,美林小城,201610,45707
1711,47,美林小城,201611,47545
1712,47,美林小城,201612,47850
1713,47,美林小城,201701,47853
1714,47,美林小城,201702,47337
1715,47,美林小城,201703,47387
1716,47,美林小城,201704,48320
1717,47,美林小城,201705,51277
1718,47,美林小城,201706,50539
1719,47,美林小城,201707,49171
1720,47,美林小城,201708,47528
1721,47,美林小城,201709,46884
1722,47,美林小城,201710,47429
1723,47,美林小城,201711,47821
1724,47,美林小城,201712,45623
1725,47,美林小城,201801,44340
1726,47,美林小城,201802,43555
1727,47,美林小城,201803,43828
1728,48,上南花城,201504,0
1729,48,上南花城,201505,0
1730,48,上南花城,201506,0
1731,48,上南花城,201507,0
1732,48,上南花城,201508,0
1733,48,上南花城,201509,0
1734,48,上南花城,201510,0
1735,48,上南花城,201511,0
1736,48,上南花城,201512,0
1737,48,上南花城,201601,0
1738,48,上南花城,201602,0
1739,48,上南花城,201603,0
1740,48,上南花城,201604,0
1741,48,上南花城,201605,0
1742,48,上南花城,201606,0
1743,48,上南花城,201607,0
1744,48,上南花城,201608,0
1745,48,上南花城,201609,0
1746,48,上南花城,201610,0
1747,48,上南花城,201611,0
1748,48,上南花城,201612,0
1749,48,上南花城,201701,0
1750,48,上南花城,201702,0
1751,48,上南花城,201703,0
1752,48,上南花城,201704,0
1753,48,上南花城,201705,0
1754,48,上南花城,201706,0
1755,48,上南花城,201707,0
1756,48,上南花城,201708,0
1757,48,上南花城,201709,0
1758,48,上南花城,201710,0
1759,48,上南花城,201711,0
1760,48,上南花城,201712,0
1761,48,上南花城,201801,73532
1762,48,上南花城,201802,70364
1763,48,上南花城,201803,71582
1764,49,禹州金桥国际,201504,0
1765,49,禹州金桥国际,201505,0
1766,49,禹州金桥国际,201506,0
1767,49,禹州金桥国际,201507,0
1768,49,禹州金桥国际,201508,0
1769,49,禹州金桥国际,201509,0
1770,49,禹州金桥国际,201510,0
1771,49,禹州金桥国际,201511,0
1772,49,禹州金桥国际,201512,0
1773,49,禹州金桥国际,201601,0
1774,49,禹州金桥国际,201602,0
1775,49,禹州金桥国际,201603,0
1776,49,禹州金桥国际,201604,0
1777,49,禹州金桥国际,201605,0
1778,49,禹州金桥国际,201606,0
1779,49,禹州金桥国际,201607,0
1780,49,禹州金桥国际,201608,0
1781,49,禹州金桥国际,201609,0
1782,49,禹州金桥国际,201610,0
1783,49,禹州金桥国际,201611,0
1784,49,禹州金桥国际,201612,0
1785,49,禹州金桥国际,201701,0
1786,49,禹州金桥国际,201702,0
1787,49,禹州金桥国际,201703,0
1788,49,禹州金桥国际,201704,0
1789,49,禹州金桥国际,201705,0
1790,49,禹州金桥国际,201706,39456
1791,49,禹州金桥国际,201707,40208
1792,49,禹州金桥国际,201708,40147
1793,49,禹州金桥国际,201709,40256
1794,49,禹州金桥国际,201710,39832
1795,49,禹州金桥国际,201711,40143
1796,49,禹州金桥国际,201712,39819
1797,49,禹州金桥国际,201801,39768
1798,49,禹州金桥国际,201802,38664
1799,49,禹州金桥国际,201803,39150
1800,50,宜浩欧景,201504,0
1801,50,宜浩欧景,201505,0
1802,50,宜浩欧景,201506,0
1803,50,宜浩欧景,201507,0
1804,50,宜浩欧景,201508,0
1805,50,宜浩欧景,201509,0
1806,50,宜浩欧景,201510,0
1807,50,宜浩欧景,201511,0
1808,50,宜浩欧景,201512,0
1809,50,宜浩欧景,201601,0
1810,50,宜浩欧景,201602,0
1811,50,宜浩欧景,201603,0
1812,50,宜浩欧景,201604,0
1813,50,宜浩欧景,201605,0
1814,50,宜浩欧景,201606,0
1815,50,宜浩欧景,201607,0
1816,50,宜浩欧景,201608,0
1817,50,宜浩欧景,201609,0
1818,50,宜浩欧景,201610,0
1819,50,宜浩欧景,201611,0
1820,50,宜浩欧景,201612,0
1821,50,宜浩欧景,201701,0
1822,50,宜浩欧景,201702,0
1823,50,宜浩欧景,201703,0
1824,50,宜浩欧景,201704,26334
1825,50,宜浩欧景,201705,26352
1826,50,宜浩欧景,201706,27349
1827,50,宜浩欧景,201707,27397
1828,50,宜浩欧景,201708,25049
1829,50,宜浩欧景,201709,16290
1830,50,宜浩欧景,201710,14976
1831,50,宜浩欧景,201711,14934
1832,50,宜浩欧景,201712,14938
1833,50,宜浩欧景,201801,15089
1834,50,宜浩欧景,201802,15223
1835,50,宜浩欧景,201803,14314
1836,51,文怡苑(二期),201504,0
1837,51,文怡苑(二期),201505,0
1838,51,文怡苑(二期),201506,0
1839,51,文怡苑(二期),201507,0
1840,51,文怡苑(二期),201508,0
1841,51,文怡苑(二期),201509,0
1842,51,文怡苑(二期),201510,0
1843,51,文怡苑(二期),201511,0
1844,51,文怡苑(二期),201512,0
1845,51,文怡苑(二期),201601,0
1846,51,文怡苑(二期),201602,0
1847,51,文怡苑(二期),201603,0
1848,51,文怡苑(二期),201604,0
1849,51,文怡苑(二期),201605,0
1850,51,文怡苑(二期),201606,0
1851,51,文怡苑(二期),201607,0
1852,51,文怡苑(二期),201608,0
1853,51,文怡苑(二期),201609,0
1854,51,文怡苑(二期),201610,0
1855,51,文怡苑(二期),201611,0
1856,51,文怡苑(二期),201612,0
1857,51,文怡苑(二期),201701,0
1858,51,文怡苑(二期),201702,0
1859,51,文怡苑(二期),201703,41076
1860,51,文怡苑(二期),201704,41701
1861,51,文怡苑(二期),201705,38849
1862,51,文怡苑(二期),201706,40844
1863,51,文怡苑(二期),201707,42626
1864,51,文怡苑(二期),201708,42867
1865,51,文怡苑(二期),201709,40913
1866,51,文怡苑(二期),201710,43166
1867,51,文怡苑(二期),201711,42817
1868,51,文怡苑(二期),201712,42874
1869,51,文怡苑(二期),201801,41458
1870,51,文怡苑(二期),201802,41447
1871,51,文怡苑(二期),201803,41359
1872,52,鹤沙航城汇善嘉苑,201504,14018
1873,52,鹤沙航城汇善嘉苑,201505,14021
1874,52,鹤沙航城汇善嘉苑,201506,14168
1875,52,鹤沙航城汇善嘉苑,201507,15017
1876,52,鹤沙航城汇善嘉苑,201508,15351
1877,52,鹤沙航城汇善嘉苑,201509,15559
1878,52,鹤沙航城汇善嘉苑,201510,15979
1879,52,鹤沙航城汇善嘉苑,201511,16294
1880,52,鹤沙航城汇善嘉苑,201512,16355
1881,52,鹤沙航城汇善嘉苑,201601,17159
1882,52,鹤沙航城汇善嘉苑,201602,17785
1883,52,鹤沙航城汇善嘉苑,201603,20277
1884,52,鹤沙航城汇善嘉苑,201604,22030
1885,52,鹤沙航城汇善嘉苑,201605,23926
1886,52,鹤沙航城汇善嘉苑,201606,23136
1887,52,鹤沙航城汇善嘉苑,201607,23537
1888,52,鹤沙航城汇善嘉苑,201608,27325
1889,52,鹤沙航城汇善嘉苑,201609,31099
1890,52,鹤沙航城汇善嘉苑,201610,32609
1891,52,鹤沙航城汇善嘉苑,201611,32850
1892,52,鹤沙航城汇善嘉苑,201612,33199
1893,52,鹤沙航城汇善嘉苑,201701,33215
1894,52,鹤沙航城汇善嘉苑,201702,32662
1895,52,鹤沙航城汇善嘉苑,201703,32924
1896,52,鹤沙航城汇善嘉苑,201704,35935
1897,52,鹤沙航城汇善嘉苑,201705,36818
1898,52,鹤沙航城汇善嘉苑,201706,39026
1899,52,鹤沙航城汇善嘉苑,201707,37873
1900,52,鹤沙航城汇善嘉苑,201708,37838
1901,52,鹤沙航城汇善嘉苑,201709,36282
1902,52,鹤沙航城汇善嘉苑,201710,35900
1903,52,鹤沙航城汇善嘉苑,201711,36194
1904,52,鹤沙航城汇善嘉苑,201712,35833
1905,52,鹤沙航城汇善嘉苑,201801,35039
1906,52,鹤沙航城汇善嘉苑,201802,34740
1907,52,鹤沙航城汇善嘉苑,201803,34363
1908,53,中虹家园,201504,21260
1909,53,中虹家园,201505,21924
1910,53,中虹家园,201506,23098
1911,53,中虹家园,201507,24053
1912,53,中虹家园,201508,24512
1913,53,中虹家园,201509,24928
1914,53,中虹家园,201510,25228
1915,53,中虹家园,201511,25617
1916,53,中虹家园,201512,26313
1917,53,中虹家园,201601,28066
1918,53,中虹家园,201602,28958
1919,53,中虹家园,201603,33768
1920,53,中虹家园,201604,36042
1921,53,中虹家园,201605,34913
1922,53,中虹家园,201606,35259
1923,53,中虹家园,201607,36565
1924,53,中虹家园,201608,37990
1925,53,中虹家园,201609,40194
1926,53,中虹家园,201610,43604
1927,53,中虹家园,201611,44632
1928,53,中虹家园,201612,44711
1929,53,中虹家园,201701,44802
1930,53,中虹家园,201702,44246
1931,53,中虹家园,201703,44351
1932,53,中虹家园,201704,44452
1933,53,中虹家园,201705,45899
1934,53,中虹家园,201706,45674
1935,53,中虹家园,201707,45307
1936,53,中虹家园,201708,44245
1937,53,中虹家园,201709,43916
1938,53,中虹家园,201710,43733
1939,53,中虹家园,201711,43305
1940,53,中虹家园,201712,42988
1941,53,中虹家园,201801,42939
1942,53,中虹家园,201802,43121
1943,53,中虹家园,201803,43234
1944,54,金桥瑞仕花园,201504,53753
1945,54,金桥瑞仕花园,201505,55219
1946,54,金桥瑞仕花园,201506,57043
1947,54,金桥瑞仕花园,201507,61610
1948,54,金桥瑞仕花园,201508,66491
1949,54,金桥瑞仕花园,201509,68467
1950,54,金桥瑞仕花园,201510,69966
1951,54,金桥瑞仕花园,201511,72584
1952,54,金桥瑞仕花园,201512,75593
1953,54,金桥瑞仕花园,201601,78032
1954,54,金桥瑞仕花园,201602,79013
1955,54,金桥瑞仕花园,201603,88294
1956,54,金桥瑞仕花园,201604,86590
1957,54,金桥瑞仕花园,201605,87985
1958,54,金桥瑞仕花园,201606,89338
1959,54,金桥瑞仕花园,201607,88156
1960,54,金桥瑞仕花园,201608,83706
1961,54,金桥瑞仕花园,201609,85950
1962,54,金桥瑞仕花园,201610,89147
1963,54,金桥瑞仕花园,201611,91529
1964,54,金桥瑞仕花园,201612,92409
1965,54,金桥瑞仕花园,201701,93987
1966,54,金桥瑞仕花园,201702,92850
1967,54,金桥瑞仕花园,201703,93817
1968,54,金桥瑞仕花园,201704,92420
1969,54,金桥瑞仕花园,201705,98091
1970,54,金桥瑞仕花园,201706,99480
1971,54,金桥瑞仕花园,201707,97834
1972,54,金桥瑞仕花园,201708,93746
1973,54,金桥瑞仕花园,201709,90313
1974,54,金桥瑞仕花园,201710,91579
1975,54,金桥瑞仕花园,201711,94189
1976,54,金桥瑞仕花园,201712,95356
1977,54,金桥瑞仕花园,201801,94302
1978,54,金桥瑞仕花园,201802,93607
1979,54,金桥瑞仕花园,201803,94747
1980,55,财富海景花园,201504,97856
1981,55,财富海景花园,201505,98677
1982,55,财富海景花园,201506,99138
1983,55,财富海景花园,201507,96811
1984,55,财富海景花园,201508,95264
1985,55,财富海景花园,201509,96407
1986,55,财富海景花园,201510,95222
1987,55,财富海景花园,201511,96009
1988,55,财富海景花园,201512,97562
1989,55,财富海景花园,201601,104079
1990,55,财富海景花园,201602,108395
1991,55,财富海景花园,201603,126876
1992,55,财富海景花园,201604,126333
1993,55,财富海景花园,201605,125258
1994,55,财富海景花园,201606,126044
1995,55,财富海景花园,201607,123637
1996,55,财富海景花园,201608,103238
1997,55,财富海景花园,201609,104452
1998,55,财富海景花园,201610,115053
1999,55,财富海景花园,201611,120103
2000,55,财富海景花园,201612,123168
2001,55,财富海景花园,201701,120294
2002,55,财富海景花园,201702,121781
2003,55,财富海景花园,201703,119370
2004,55,财富海景花园,201704,122789
2005,55,财富海景花园,201705,127345
2006,55,财富海景花园,201706,127944
2007,55,财富海景花园,201707,128772
2008,55,财富海景花园,201708,129185
2009,55,财富海景花园,201709,129855
2010,55,财富海景花园,201710,128064
2011,55,财富海景花园,201711,127915
2012,55,财富海景花园,201712,129495
2013,55,财富海景花园,201801,130487
2014,55,财富海景花园,201802,132311
2015,55,财富海景花园,201803,132357
2016,56,双秀西园B区,201504,0
2017,56,双秀西园B区,201505,0
2018,56,双秀西园B区,201506,0
2019,56,双秀西园B区,201507,0
2020,56,双秀西园B区,201508,0
2021,56,双秀西园B区,201509,0
2022,56,双秀西园B区,201510,0
2023,56,双秀西园B区,201511,0
2024,56,双秀西园B区,201512,0
2025,56,双秀西园B区,201601,0
2026,56,双秀西园B区,201602,0
2027,56,双秀西园B区,201603,0
2028,56,双秀西园B区,201604,0
2029,56,双秀西园B区,201605,0
2030,56,双秀西园B区,201606,0
2031,56,双秀西园B区,201607,0
2032,56,双秀西园B区,201608,0
2033,56,双秀西园B区,201609,0
2034,56,双秀西园B区,201610,0
2035,56,双秀西园B区,201611,0
2036,56,双秀西园B区,201612,0
2037,56,双秀西园B区,201701,0
2038,56,双秀西园B区,201702,0
2039,56,双秀西园B区,201703,6578
2040,56,双秀西园B区,201704,29395
2041,56,双秀西园B区,201705,29388
2042,56,双秀西园B区,201706,35658
2043,56,双秀西园B区,201707,35655
2044,56,双秀西园B区,201708,35520
2045,56,双秀西园B区,201709,35141
2046,56,双秀西园B区,201710,44353
2047,56,双秀西园B区,201711,42758
2048,56,双秀西园B区,201712,42590
2049,56,双秀西园B区,201801,41405
2050,56,双秀西园B区,201802,38947
2051,56,双秀西园B区,201803,37857
2052,57,陆家嘴壹号院,201504,0
2053,57,陆家嘴壹号院,201505,0
2054,57,陆家嘴壹号院,201506,0
2055,57,陆家嘴壹号院,201507,0
2056,57,陆家嘴壹号院,201508,0
2057,57,陆家嘴壹号院,201509,0
2058,57,陆家嘴壹号院,201510,0
2059,57,陆家嘴壹号院,201511,0
2060,57,陆家嘴壹号院,201512,0
2061,57,陆家嘴壹号院,201601,0
2062,57,陆家嘴壹号院,201602,0
2063,57,陆家嘴壹号院,201603,0
2064,57,陆家嘴壹号院,201604,0
2065,57,陆家嘴壹号院,201605,0
2066,57,陆家嘴壹号院,201606,0
2067,57,陆家嘴壹号院,201607,0
2068,57,陆家嘴壹号院,201608,0
2069,57,陆家嘴壹号院,201609,0
2070,57,陆家嘴壹号院,201610,0
2071,57,陆家嘴壹号院,201611,120869
2072,57,陆家嘴壹号院,201612,118357
2073,57,陆家嘴壹号院,201701,113149
2074,57,陆家嘴壹号院,201702,111348
2075,57,陆家嘴壹号院,201703,115224
2076,57,陆家嘴壹号院,201704,115384
2077,57,陆家嘴壹号院,201705,116717
2078,57,陆家嘴壹号院,201706,119419
2079,57,陆家嘴壹号院,201707,120981
2080,57,陆家嘴壹号院,201708,117965
2081,57,陆家嘴壹号院,201709,115222
2082,57,陆家嘴壹号院,201710,114263
2083,57,陆家嘴壹号院,201711,113448
2084,57,陆家嘴壹号院,201712,111617
2085,57,陆家嘴壹号院,201801,110881
2086,57,陆家嘴壹号院,201802,111407
2087,57,陆家嘴壹号院,201803,111148
2088,58,地产尚海郦景,201504,0
2089,58,地产尚海郦景,201505,0
2090,58,地产尚海郦景,201506,0
2091,58,地产尚海郦景,201507,0
2092,58,地产尚海郦景,201508,0
2093,58,地产尚海郦景,201509,0
2094,58,地产尚海郦景,201510,0
2095,58,地产尚海郦景,201511,64385
2096,58,地产尚海郦景,201512,67944
2097,58,地产尚海郦景,201601,68763
2098,58,地产尚海郦景,201602,65540
2099,58,地产尚海郦景,201603,72036
2100,58,地产尚海郦景,201604,74510
2101,58,地产尚海郦景,201605,76848
2102,58,地产尚海郦景,201606,79673
2103,58,地产尚海郦景,201607,80365
2104,58,地产尚海郦景,201608,78921
2105,58,地产尚海郦景,201609,78882
2106,58,地产尚海郦景,201610,85000
2107,58,地产尚海郦景,201611,85070
2108,58,地产尚海郦景,201612,84947
2109,58,地产尚海郦景,201701,84380
2110,58,地产尚海郦景,201702,84175
2111,58,地产尚海郦景,201703,87503
2112,58,地产尚海郦景,201704,87162
2113,58,地产尚海郦景,201705,85646
2114,58,地产尚海郦景,201706,84958
2115,58,地产尚海郦景,201707,86346
2116,58,地产尚海郦景,201708,91811
2117,58,地产尚海郦景,201709,98985
2118,58,地产尚海郦景,201710,104812
2119,58,地产尚海郦景,201711,106238
2120,58,地产尚海郦景,201712,105940
2121,58,地产尚海郦景,201801,100436
2122,58,地产尚海郦景,201802,98770
2123,58,地产尚海郦景,201803,98078
2124,59,依水园(一期),201504,0
2125,59,依水园(一期),201505,0
2126,59,依水园(一期),201506,0
2127,59,依水园(一期),201507,20957
2128,59,依水园(一期),201508,21732
2129,59,依水园(一期),201509,23885
2130,59,依水园(一期),201510,21962
2131,59,依水园(一期),201511,23217
2132,59,依水园(一期),201512,23601
2133,59,依水园(一期),201601,24426
2134,59,依水园(一期),201602,24369
2135,59,依水园(一期),201603,27111
2136,59,依水园(一期),201604,31067
2137,59,依水园(一期),201605,30675
2138,59,依水园(一期),201606,32286
2139,59,依水园(一期),201607,31836
2140,59,依水园(一期),201608,32567
2141,59,依水园(一期),201609,35138
2142,59,依水园(一期),201610,36982
2143,59,依水园(一期),201611,40934
2144,59,依水园(一期),201612,41184
2145,59,依水园(一期),201701,40400
2146,59,依水园(一期),201702,40930
2147,59,依水园(一期),201703,42703
2148,59,依水园(一期),201704,42946
2149,59,依水园(一期),201705,43442
2150,59,依水园(一期),201706,44985
2151,59,依水园(一期),201707,44413
2152,59,依水园(一期),201708,43310
2153,59,依水园(一期),201709,42758
2154,59,依水园(一期),201710,42820
2155,59,依水园(一期),201711,43430
2156,59,依水园(一期),201712,43556
2157,59,依水园(一期),201801,42685
2158,59,依水园(一期),201802,42855
2159,59,依水园(一期),201803,42885
