4002,31.130442,121.425372,0.0,0.4,4500,816,1994,150.0,13,35
4003,31.186257,121.394641,1.0,5.0,6541,16,1998,16.0,38,64
4004,31.164590000000004,121.371177,0.0,0.6,150000,800,1996,57.0,15,30
4005,31.182321,121.354818,0.0,0.5,36000,868,2000,120.0,12,35
4007,31.180182000000002,121.397327,0.0,1.0,70000,630,1998,125.0,12,46
4008,31.185839,121.40343500000002,0.0,0.8,3500,420,1998,50.0,11,20
4011,31.127678999999997,121.425421,0.0,0.7,35000,381,2004,50.0,17,35
4012,31.132375,121.40181499999998,0.0,1.5,100000,888,1998,150.0,14,50
4013,31.043189,121.47337900000001,0.0,0.8,12000,1380,2003,670.0,145,40
4015,31.142139,121.37011799999999,0.0,2.3,20000,392,2005,287.0,17,55
4016,31.021788,121.43743400000001,0.0,1.1,8665,90,2000,50.0,16,35
4049,31.15609000000001,121.370741,0.0,1.2,60000,308,2007,388.0,16,40
4050,31.037941999999997,121.37706000000001,0.0,0.3,20000,2042,1995,240.0,18,40
4052,31.1637,121.355974,0.0,0.8,27000,112,2008,80.0,15,30
4055,31.103672999999997,121.39777600000001,0.0,0.9,200000,1200,2005,360.0,21,40
4056,31.188143,121.373521,0.0,1.0,60000,500,1995,200.0,2,35
4061,31.120209999999997,121.38626299999999,0.0,1.0,44200,520,1994,100.0,18,30
4063,31.157745000000002,121.349719,0.0,0.5,20000,144,1998,26.0,13,35
4065,31.130640999999997,121.41540400000001,0.0,0.5,350,450,1998,50.0,18,35
4066,31.015815000000003,121.40938799999999,0.0,0.3,2000,650,1996,120.0,18,35
4067,31.110951,121.37576499999999,0.0,0.5,3000,597,1994,100.0,15,36
4068,31.118917,121.42926499999999,0.0,0.54,18000,600,2002,115.0,19,40
4069,31.166142999999998,121.35556299999999,0.0,0.8,60000,186,1995,59.0,15,40
4071,31.137622999999998,121.413643,0.0,1.5,170000,1832,2002,428.0,22,50
4072,31.134059000000004,121.392423,0.0,0.8,55000,320,2002,200.0,18,41
4073,31.133767,121.38561299999999,0.0,1.0,3500,1200,1999,350.0,2,30
4074,31.12101,121.43029299999999,0.0,1.0,3000,620,1998,23.0,2,40
4077,31.149378000000002,121.358248,0.0,2.0,100000,423,2004,128.0,93,40
4079,31.126174,121.38221100000001,0.0,0.35,2300,230,1994,87.0,2,40
4080,31.160228999999998,121.40033600000001,0.0,1.0,33000,210,2003,64.0,15,37
4081,31.132026,121.39785900000001,0.0,0.6,300000,696,1998,120.0,18,30
4082,31.045536,121.416652,0.0,0.9,42500,300,2006,129.0,18,40
4084,31.104564,121.39448300000001,0.0,1.0,125000,326,2005,163.0,22,35
4088,31.132929999999998,121.416719,0.0,0.44,14000,320,1996,35.0,2,30
4089,31.119034999999997,121.39194099999999,0.0,1.5,56320,200,2001,190.0,256,37
4153,31.141639,121.41098799999999,0.0,3.9,185106,126,1997,263.0,2,50
4154,31.141104,121.387095,1.0,1.6,8000,150,2007,150.0,57,45
4156,31.152240999999997,121.36016599999999,0.0,1.5,11976,96,2009,96.0,18,35
4158,31.164406,121.354118,0.0,0.8,80000,426,1998,57.0,136,36
4160,31.151715999999997,121.353426,0.0,1.5,74346,103,2008,300.0,165,35
4163,31.108814000000002,121.381723,0.0,0.5,1300,100,1995,50.0,15,33
4165,31.181564,121.369018,0.0,0.8,2000,1128,1996,200.0,12,35
4168,31.111493,121.380358,0.0,0.35,1500,100,1984,11.0,16,30
4169,31.108204999999998,121.381809,0.0,0.5,1500,60,1998,50.0,16,33
4175,31.181915999999998,121.39941200000001,0.0,0.45,6000,192,1988,120.0,189,35
4176,31.158579,121.355248,0.0,1.2,8000,359,2000,62.0,13,40
4182,31.112861,121.377691,0.0,0.55,20000,597,1989,150.0,13,30
4184,31.139308000000003,121.38975,0.0,1.1,100000,212,2008,120.0,1,50
4187,31.105666999999997,121.375252,0.0,0.8,5000,36,1997,36.0,12,26
4192,31.185638,121.39872700000001,0.0,0.4,60000,600,1990,80.0,18,30
4193,31.101744,121.381736,0.0,1.0,242000,432,1996,120.0,2,38
4198,31.153853,121.360413,0.0,1.2,40000,462,1998,16.0,15,30
4199,31.183441,121.36400900000001,0.0,0.4,5000,236,1995,80.0,14,30
4200,31.115428,121.38411799999999,0.0,1.5,30000,220,2001,150.0,11,35
4202,31.164554,121.366194,0.0,0.8,61019,600,2000,84.0,15,35
4204,31.07175100000001,121.40091299999999,0.0,0.8,26000,530,2001,100.0,162,35
4207,31.097732,121.39223899999999,0.0,0.8,25230,237,2000,150.0,143,40
4208,31.187721999999997,121.400282,0.0,0.7,1500,500,1985,100.0,12,35
4209,31.094015000000002,121.39003000000001,0.0,0.52,14000,200,1999,70.0,15,40
4210,31.190974,121.418038,0.0,1.0,40000,100,1997,20.0,15,27
4211,31.020024,121.421702,0.0,0.6,33000,460,2001,120.0,143,40
4212,31.191974,121.37541100000001,0.0,0.6,8900,456,1995,120.0,18,35
4214,31.21043,121.30408500000001,0.0,1.0,350000,840,2000,160.0,15,36
4217,31.147387,121.364724,0.0,2.4,250000,243,2002,90.0,16,40
4220,31.134656,121.391001,0.0,0.6,43000,640,1999,85.0,2,30
4222,31.114673,121.373531,0.0,0.8,5000,1152,1993,300.0,13,40
4224,31.143459999999997,121.41817900000001,0.0,0.8,508500,50,2002,10.0,2,40
4228,31.157072999999997,121.35673100000001,0.0,0.5,50000,423,1996,46.0,2,40
4230,31.136692,121.417702,0.0,0.8,508500,260,1994,30.0,19,35
4232,31.19138,121.37428700000001,0.0,0.8,40000,460,2002,120.0,18,35
4233,31.107954,121.3743,0.0,1.0,25000,3340,2002,60.0,17,35
4236,31.186688,121.375026,0.0,0.5,2000,72,2001,40.0,14,40
4239,31.163396999999996,121.358829,0.0,0.7,50000,364,2008,43.0,12,30
4241,31.1069,121.393529,0.0,1.4,29800,216,1998,50.0,27,30
4242,31.16106,121.409706,0.0,0.43,39800,840,2000,180.0,12,30
4244,31.160852000000002,121.348129,0.0,0.8,70000,346,1999,24.0,15,35
4245,31.190139000000002,121.3724,0.0,1.2,8542,456,2000,150.0,18,38
4246,31.149471000000002,121.40804399999999,0.0,0.56,4500,630,1995,200.0,15,40
4247,31.149997999999997,121.414897,0.0,0.8,110000,1080,1996,70.0,13,35
4248,31.147726000000002,121.40878300000001,0.0,0.5,4000,243,1995,42.0,15,30
4250,31.184488,121.398595,0.0,1.7,4000,216,1999,26.0,2,37
4252,31.148453000000003,121.410402,0.0,0.6,4000,243,1998,25.0,2,30
4256,31.152934000000002,121.370044,0.0,0.8,50000,184,1997,20.0,15,30
4257,31.140744,121.37110600000001,0.0,1.2,100000,342,1997,100.0,15,35
4258,31.013484000000002,121.409132,0.0,1.2,120000,1000,2000,250.0,13,40
4261,31.092309000000004,121.409424,0.0,1.7,20000,99,2004,99.0,9,36
4262,31.14504,121.395671,0.0,0.8,10000,320,1997,200.0,13,25
4264,31.138252,121.389301,0.0,0.5,7200,520,1996,130.0,18,35
4272,31.020656,121.402977,0.0,0.8,33744,200,2001,160.0,14,35
4273,31.07357,121.402037,0.0,0.8,30000,480,2004,130.0,143,40
4274,31.186377,121.373769,0.0,1.0,32000,652,2003,60.0,25,35
4275,31.163365000000002,121.355061,0.0,0.8,60000,324,1997,150.0,15,30
4278,31.160505999999998,121.37832399999999,0.0,1.9,57400,391,2004,200.0,6,40
4279,31.182852,121.356222,0.0,1.35,11843,87,2005,64.0,148,40
4280,31.011985,121.409976,0.0,1.6,7700,62,2009,150.0,14,35
4283,31.129553,121.43190600000001,0.0,1.75,17452,300,2003,35.0,204,30
4284,31.191121999999996,121.38716699999999,0.0,1.0,8600,500,1998,98.0,14,35
4285,31.111914000000002,121.37177,0.0,1.2,5500,486,2003,200.0,16,33
4286,31.111421000000004,121.386316,0.0,0.5,8000,1120,2000,200.0,16,40
4358,31.214756,121.323598,0.0,2.8,410000,393,2016,472.0,8,40
4360,31.195596999999996,121.398564,0.0,3.8,192000,1125,1999,300.0,147,60
4362,31.09944500000001,121.44008600000001,0.0,0.6,64144,574,2012,414.0,134,26
4364,31.194285999999998,121.410468,0.0,0.75,53033,570,2013,600.0,18,30
4365,31.224927,121.334483,0.0,0.8,4375,46,2005,20.0,12,36
4367,31.172107,121.374472,1.0,4.0,64733,226,2010,11.0,8,35
4372,31.160453000000004,121.34636100000002,0.0,1.75,14696,368,2004,150.0,12,40
4374,31.177595,121.35705,0.0,1.8,3680,260,1995,178.0,16,30
4375,31.127744,121.384316,0.0,0.5,38640,560,1994,100.0,18,30
4376,31.01008,121.42033799999999,0.0,1.2,3000,800,2000,300.0,13,40
4379,31.108881,121.377571,0.0,0.45,13000,126,2000,150.0,15,35
4380,31.17853,121.35128700000001,0.0,0.4,6000,688,1995,50.0,1,30
4381,31.071531,121.405649,0.0,1.35,1500,36,1995,100.0,12,20
4386,31.17618,121.361581,0.0,0.85,30000,560,1995,100.0,15,20
4388,31.11224600000001,121.382512,0.0,1.5,120000,856,2002,250.0,186,40
4390,31.183867,121.399708,0.0,2.0,37000,546,2003,85.0,17,40
4393,31.127765000000004,121.42873999999999,0.0,0.85,20000,150,1988,120.0,108,45
4394,31.14599500000001,121.36618500000002,0.0,0.6,47000,588,1994,180.0,18,30
4395,31.233168,121.334181,0.0,0.6,500,950,2012,200.0,15,35
4396,31.188603999999998,121.408698,0.0,1.5,210000,2137,2004,562.0,179,40
4398,31.173458,121.355752,0.0,0.45,3000,200,1998,200.0,13,32
4507,31.335413,121.432253,0.0,1.3,18000,386,2014,125.0,2,35
4508,31.410974,121.353848,0.0,4.5,118861,596,2013,549.0,25,30
4509,31.471413000000002,121.35593600000001,0.0,1.97,115865,1274,2013,936.0,18,35
4510,31.355577,121.38124099999999,0.0,0.8,2000,300,2005,100.0,13,35
4512,31.354585999999998,121.405484,0.0,0.65,21000,23,2011,106.0,23,39
4513,31.366671999999998,121.43741399999999,0.0,1.6,58000,379,1999,187.0,13,40
4515,31.411012,121.490577,0.0,0.5,85000,850,1985,670.0,12,25
4516,31.342201,121.45241899999999,0.0,0.5,37200,630,1995,80.0,28,43
4517,31.335757,121.45789599999999,0.0,0.4,43500,778,1994,130.0,17,25
4518,31.328899,121.49553999999999,0.0,0.65,29000,360,1994,120.0,22,30
4537,31.413760999999997,121.374995,1.0,4.0,112000,500,2017,500.0,101,50
4539,31.374446999999996,121.458316,0.0,2.27,122113,136,2012,691.0,18,40
4541,31.390741,121.506933,0.0,1.8,28472,294,2008,200.0,16,36
4543,31.325645,121.49883700000001,0.0,0.6,32000,140,2007,198.0,2,41
4545,31.406236,121.498876,0.0,0.4,36000,120,1999,50.0,17,24
4548,31.346938,121.447442,0.0,0.6,37500,560,1995,66.0,19,26
4549,31.397195,121.50796399999999,0.0,0.4,34500,630,1994,300.0,18,35
4553,31.338601,121.45272299999999,0.0,0.6,76000,630,1998,180.0,15,28
4554,31.291478,121.42688500000001,0.0,1.66,90000,660,1996,40.0,11,40
4555,31.332617,121.438749,0.0,0.55,110000,1104,2004,300.0,14,45
4556,31.391123999999998,121.44206299999999,0.0,1.86,87800,688,2006,292.0,109,50
4557,31.320636,121.488975,0.0,1.75,117000,1000,2006,400.0,205,37
4558,31.364887,121.387424,0.0,1.28,107000,883,2007,568.0,13,45
4583,31.332627000000002,121.477294,0.0,3.8,146928,833,2016,833.0,2,36
4585,31.412549,121.359482,1.0,2.2,85000,452,2012,1.0,8,40
4586,31.434712,121.416274,0.0,1.8,89000,871,2014,300.0,14,40
4587,31.313407,121.392804,0.0,2.03,35710,380,2014,298.0,15,35
4589,31.37665100000001,121.440859,0.0,0.8,75739,982,2011,866.0,2,35
4591,31.409431,121.357184,0.0,1.9,36000,257,2012,300.0,12,35
4592,31.41404600000001,121.366343,0.0,2.08,199469,1344,2016,968.0,119,40
4600,31.35766,121.392955,0.0,1.9,126371,1116,2010,21.0,12,35
4601,31.361328000000004,121.42005900000001,0.0,1.2,100680,650,2006,130.0,2,39
4602,31.314453999999998,121.416839,0.0,0.65,10000,1000,1996,62.0,168,35
4603,31.339260999999997,121.451035,0.0,0.8,28000,750,1992,187.0,18,42
4604,31.329084,121.46690500000001,0.0,0.8,14711,320,1999,187.0,152,35
4605,31.404525,121.500351,0.0,1.0,120000,2250,1999,120.0,14,40
4606,31.351043,121.494202,0.0,0.3,37000,430,1994,80.0,17,30
4608,31.387309000000002,121.50048799999999,0.0,0.8,12000,2100,1987,320.0,12,20
4609,31.340353999999998,121.45766,0.0,0.8,4000,1600,1996,160.0,2,38
4611,31.427169,121.35296899999999,0.0,0.5,52400,650,1995,198.0,2,47
4613,31.396646999999998,121.494425,0.0,1.5,100000,795,2003,800.0,14,40
4614,31.338855,121.47836399999998,0.0,1.2,34000,350,2006,300.0,13,49
4615,31.37725,121.443809,0.0,1.2,86800,650,2005,125.0,118,51
4616,31.341728999999997,121.482929,0.0,0.6,45000,7086,1994,128.0,15,35
4617,31.412233,121.43559199999999,0.0,1.8,82500,598,2005,200.0,18,50
4619,31.412215000000003,121.431299,0.0,0.8,80000,756,2005,300.0,16,50
4620,31.340864,121.43623600000001,0.0,0.55,104867,1064,2007,640.0,15,40
4623,31.362880999999998,121.42418899999998,0.0,1.2,110000,815,2011,798.0,13,41
4624,31.373346999999995,121.441578,0.0,1.35,80000,450,2005,550.0,13,41
4625,31.284113,121.414596,0.0,0.95,110000,900,2004,189.0,16,41
4626,31.324564000000002,121.481453,0.0,1.46,400000,3700,2014,955.0,189,48
4695,31.404983,121.372972,1.0,4.3,11,283,2015,600.0,6,50
4700,31.487910999999997,121.33913000000001,0.0,2.2,91899,592,2014,516.0,13,41
4706,31.336090000000002,121.46547199999999,0.0,0.6,20000,620,1996,32.0,12,28
4708,31.359624,121.372881,0.0,0.5,109108,1421,2005,130.0,18,35
4709,31.430302,121.418406,0.0,1.79,102145,905,2012,680.0,1,55
4710,31.312452,121.387895,0.0,0.5,58202,332,2011,216.0,15,40
4711,31.340142999999998,121.433706,0.0,3.2,800000,752,2012,683.0,156,35
4717,31.33317000000001,121.45334799999999,0.0,0.75,1000,260,1998,280.0,17,40
4718,31.395124,121.502925,0.0,0.5,25200,260,1996,135.0,17,30
4723,31.411339,121.35543200000001,0.0,3.0,94298,740,2009,740.0,12,35
4729,31.354589,121.507754,0.0,1.7,28894,187,2007,170.0,198,36
4730,31.416816999999998,121.494873,0.0,0.6,900,500,2000,21.0,2,25
4732,31.314428000000003,121.404126,0.0,0.65,57200,646,2009,158.0,12,39
4733,31.351128999999997,121.37038799999999,0.0,1.18,164000,560,2007,200.0,14,37
4734,31.32612,121.488556,0.0,0.8,90000,860,1994,800.0,14,35
4735,31.356672999999997,121.388398,0.0,1.5,8545,850,2006,300.0,16,35
4736,31.335440999999996,121.48006299999999,0.0,0.85,23392,1400,2004,152.0,11,48
4737,31.330699,121.44156699999999,0.0,0.6,28540,390,1997,70.0,15,37
4739,31.347759000000003,121.459699,0.0,0.4,42500,650,1996,120.0,18,35
4740,31.362122999999997,121.41479,0.0,1.0,107877,1480,2004,420.0,2,39
4741,31.333489,121.443712,0.0,0.4,26000,560,1996,150.0,15,34
4742,31.420477,121.355802,0.0,3.12,19850,425,1996,135.0,2,30
4743,31.33891,121.466399,0.0,0.5,26300,630,1997,99.0,18,25
4744,31.344877,121.45971399999999,0.0,0.6,8545,750,1988,75.0,275,35
4745,31.373915000000004,121.44343300000001,0.0,1.6,20000,800,2005,178.0,16,42
4748,31.41335,121.50376299999999,0.0,1.2,35000,410,2003,270.0,19,40
4749,31.399093,121.50315,0.0,0.7,79000,773,1997,360.0,15,25
4751,31.403425,121.496023,0.0,1.5,100000,1257,2003,397.0,15,35
4752,31.292461,121.417243,0.0,0.6,45000,690,1998,60.0,13,40
4753,31.356995,121.41172900000001,0.0,0.3,385000,960,2000,400.0,124,35
4755,31.377058,121.49591699999999,0.0,1.2,45120,850,1997,208.0,18,48
4757,31.333395,121.468198,0.0,0.75,14000,1200,2003,800.0,16,36
4758,31.335105,121.45563500000002,0.0,0.4,50000,408,1999,80.0,2,39
4759,31.316231,121.40918500000001,0.0,0.73,45000,1200,2006,250.0,175,40
4761,31.376573999999998,121.439279,0.0,0.5,70000,960,2000,100.0,13,28
4762,31.401371,121.50128400000001,0.0,0.9,79000,780,1998,320.0,13,25
4764,31.411143,121.44019899999999,0.0,0.6,15000,1500,2003,210.0,18,30
4765,31.34818,121.500078,0.0,0.6,90000,1044,2002,150.0,15,40
4766,31.318640999999996,121.41281399999998,0.0,0.8,68000,604,2006,350.0,152,35
4768,31.323534999999996,121.38348300000001,0.0,1.2,70000,531,2005,280.0,169,35
4769,31.327672999999997,121.448127,0.0,0.6,73000,850,2005,202.0,18,35
4770,31.345238000000002,121.496742,0.0,1.5,80000,944,2001,100.0,14,40
4772,31.375086,121.49603,0.0,0.6,60000,125,2006,90.0,25,35
4773,31.350632,121.43378500000001,0.0,0.6,100000,900,2004,100.0,2,40
4774,31.412583,121.438337,0.0,0.5,64000,312,2004,60.0,134,40
4775,31.280088,121.42478799999999,0.0,0.5,116840,584,2001,450.0,13,41
4776,31.283043,121.419197,0.0,0.9,93000,2400,2005,450.0,18,40
4777,31.277301,121.430181,0.0,1.2,25000,1356,2003,260.0,12,40
4778,31.32718,121.450061,0.0,0.55,30000,370,2001,800.0,16,30
4875,31.396337,121.44486299999998,0.0,2.7,170000,276,2015,301.0,2,30
4884,31.287021999999997,121.429328,0.0,0.95,12000,2600,1996,430.0,18,35
4885,31.367546,121.41333,0.0,2.8,41086,532,2015,205.0,2,35
4888,31.313067999999998,121.39664599999999,0.0,2.6,80978,622,2014,454.0,2,45
4893,31.343123,121.494927,0.0,1.4,77000,612,2004,140.0,167,36
4900,31.299474,121.41671299999999,0.0,1.3,53204,626,2013,150.0,108,40
4905,31.357260999999998,121.39131200000001,0.0,2.8,16000,187,2015,67.0,25,35
4906,31.345986,121.36016000000001,0.0,1.99,33895,301,2012,163.0,15,30
4908,31.334119,121.48524099999999,0.0,1.8,78000,650,2013,390.0,16,38
4909,31.431161,121.42115700000001,0.0,1.8,108700,970,2012,715.0,114,45
4910,31.453638,121.4107,0.0,1.9,117000,886,2012,653.0,123,40
4911,31.456642,121.403218,0.0,2.9,124432,230,2012,89.0,137,50
4914,31.319290000000002,121.357478,0.0,1.5,350000,2000,2012,600.0,245,40
4921,31.351211,121.40604599999999,0.0,0.4,7493,59,2008,40.0,2,43
4923,31.330154999999998,121.41473500000001,0.0,0.55,65000,5210,2008,300.0,12,35
4924,31.415366,121.35580300000001,0.0,0.8,36450,750,1995,650.0,15,27
4926,31.421896000000004,121.35484,0.0,0.5,12000,560,1988,113.0,18,30
4927,31.400351,121.492703,0.0,5.0,32178,57,2005,57.0,37,50
4928,31.33164600000001,121.481954,0.0,1.1,103949,1152,2008,145.0,22,47
4931,31.375195,121.498846,0.0,0.5,37000,650,1993,138.0,2,43
4932,31.352268,121.49315,0.0,0.65,37520,600,1956,370.0,17,20
4934,31.317832,121.49921699999999,0.0,0.3,1020,630,1990,280.0,18,32
4935,31.34013400000001,121.460575,0.0,0.9,98500,2000,1995,185.0,2,25
4938,31.358913,121.39828200000001,0.0,1.5,85000,650,2007,120.0,18,42
4939,31.327285999999997,121.480989,0.0,1.65,46000,611,2008,200.0,29,36
4941,31.406088,121.49783500000001,0.0,0.5,72000,1200,1996,360.0,13,25
4943,31.334112,121.456977,0.0,0.95,42000,384,2001,178.0,2,41
4944,31.384916999999998,121.440197,0.0,1.5,100000,560,2008,300.0,133,40
4945,31.339004,121.46043200000001,0.0,0.95,4500,48,2002,20.0,2,30
4947,31.386002,121.499901,0.0,0.6,26050,750,1991,258.0,2,45
4948,31.351653000000002,121.452526,0.0,0.6,5000,650,2004,96.0,14,35
4950,31.402519,121.50533600000001,0.0,0.9,65000,580,2005,365.0,18,30
4952,31.398149,121.45313,0.0,1.3,8545,811,2009,602.0,14,40
4953,31.33762,121.463305,0.0,0.4,26000,360,2002,198.0,2,39
4956,31.322846999999996,121.38715,0.0,0.8,100000,365,1999,80.0,14,35
4957,31.308202,121.432775,0.0,0.65,55000,650,2000,375.0,15,40
4959,31.410721999999996,121.502279,0.0,1.2,45000,900,1992,300.0,17,35
4960,31.338759999999997,121.465978,0.0,0.6,28966,100,1998,185.0,2,48
4961,31.34235300000001,121.480775,0.0,0.5,30000,300,2000,150.0,13,35
4962,31.329802,121.46115800000001,0.0,0.4,36500,420,1999,178.0,12,20
4964,31.333528,121.461487,0.0,0.5,180000,800,2002,100.0,16,50
4965,31.354407000000002,121.437937,0.0,0.6,142000,1200,2006,400.0,136,36
4967,31.348470000000002,121.449642,0.0,0.4,69000,660,1994,88.0,18,26
4969,31.316933000000002,121.386728,0.0,0.4,3487,700,1998,560.0,13,40
4970,31.376079999999998,121.498501,0.0,0.5,46000,720,1990,125.0,2,47
4971,31.331823999999997,121.456259,0.0,1.1,106000,768,2006,248.0,18,43
4972,31.331959,121.445125,0.0,0.45,100000,800,2004,100.0,2,30
4975,31.333505,121.462236,0.0,1.2,14892,102,2002,138.0,155,35
4976,31.374315999999997,121.494277,0.0,0.4,21300,360,2002,158.0,2,39
4978,31.406654999999997,121.491427,0.0,1.2,28000,490,2001,220.0,14,35
4979,31.318637,121.388783,0.0,0.85,12000,586,2001,157.0,19,42
4980,31.343721999999996,121.48459299999999,0.0,1.2,60000,400,2003,150.0,2,35
4981,31.318528999999998,121.501107,0.0,0.8,70000,1000,1997,400.0,18,36
4983,31.32493,121.49301000000001,0.0,0.45,51000,396,2002,300.0,175,58
4984,31.291755,121.42333700000002,0.0,1.6,91487,1956,2000,800.0,163,42
4985,31.340823999999998,121.492498,0.0,0.6,33147,312,2003,28.0,125,40
4986,31.41828,121.500178,0.0,1.2,5000,588,2003,300.0,14,45
4987,31.416165999999997,121.433198,0.0,1.23,90000,520,2004,341.0,12,41
4988,31.31307,121.407845,0.0,0.65,40000,816,2001,78.0,19,30
4989,31.286040999999997,121.421324,0.0,1.2,68000,1140,2000,200.0,17,35
4990,31.328371,121.45371200000001,0.0,0.95,45000,378,1997,60.0,23,40
4991,31.404721999999996,121.497557,0.0,1.5,64000,650,2004,168.0,2,48
4993,31.292043,121.418631,0.0,0.6,23435,7566,1997,80.0,135,23
4994,31.396023,121.493771,0.0,0.8,51000,452,2002,203.0,158,40
4996,31.332896,121.46922099999999,0.0,0.8,100000,1344,2003,500.0,14,40
4997,31.377083000000002,121.503227,0.0,1.2,50000,865,2002,150.0,177,35
5000,31.385872999999997,121.50423799999999,0.0,1.2,13950,420,2003,320.0,25,30
5001,31.350031,121.407747,0.0,0.6,100000,500,1995,200.0,15,30
5006,31.274881,121.429147,0.0,0.5,75000,600,2003,200.0,22,38
5007,31.28565,121.416175,0.0,1.2,54000,1080,2002,500.0,14,40
5009,31.320044,121.391221,0.0,0.7,36000,813,2004,450.0,16,37
5010,31.348828,121.488147,0.0,1.35,80000,2000,2006,330.0,165,40
5011,31.375031,121.440221,0.0,2.1,84000,700,2007,600.0,18,50
5012,31.347576,121.496779,0.0,1.05,70000,568,2006,230.0,14,43
5016,31.381311,121.49711699999999,0.0,0.8,37500,776,1992,135.0,2,39
5019,31.317090000000004,121.40935800000001,0.0,0.81,15000,622,2006,163.0,15,41
5020,31.323558000000002,121.385405,0.0,0.7,179765,650,1996,80.0,105,40
5023,31.396224,121.496025,0.0,1.2,13950,120,2007,120.0,25,30
5024,31.361124,121.420699,0.0,1.2,30000,1016,2006,510.0,143,43
5025,31.340176,121.452603,0.0,1.39,21100,138,2005,58.0,23,36
5026,31.316368,121.416195,0.0,0.74,83000,1140,2003,130.0,13,30
5028,31.350161,121.45168999999999,0.0,0.5,76000,670,1995,96.0,13,24
5029,31.278245000000002,121.425173,0.0,0.9,32000,730,1998,675.0,13,35
5071,31.351825,121.498319,0.0,3.0,11815,169,2005,31.0,2,45
5072,31.404509,121.505772,0.0,1.0,53000,360,2003,185.0,167,35
5083,31.417765999999997,121.500892,0.0,0.8,43000,650,2003,350.0,15,35
5094,31.351965000000003,121.50551499999999,0.0,1.2,12000,658,1999,14.0,15,28
5095,31.420794,121.42924199999999,0.0,0.5,209383,1566,1994,780.0,13,22
5096,31.494932000000002,121.33870800000001,0.0,1.2,450000,850,1998,560.0,17,25
5097,31.27918,121.43046000000001,0.0,0.95,180,144,1996,165.0,2,47
5098,31.403384999999997,121.490431,0.0,1.2,23000,450,2004,336.0,32,30
5099,31.400332000000002,121.506956,0.0,0.6,98000,890,1993,400.0,17,30
5100,31.337374,121.448986,0.0,0.6,12537,96,2003,96.0,34,38
5110,31.322283000000002,121.493995,0.0,0.5,1832,2480,1995,130.0,18,45
5111,31.402092,121.511277,0.0,1.3,52739,750,2002,450.0,17,40
5115,31.397658000000003,121.512098,0.0,0.8,34500,720,2003,178.0,12,42
5116,31.293923,121.427729,0.0,0.6,50000,600,2000,120.0,2,31
5117,31.412112,121.46960800000001,0.0,0.5,120000,1139,2004,368.0,11,46
5118,31.412803999999998,121.43441299999999,0.0,1.2,61000,514,2004,200.0,132,44
5119,31.318496000000003,121.49295500000001,0.0,0.65,12949,117,2006,60.0,215,35
5144,31.387472,121.50676999999999,0.0,0.7,37000,580,1995,135.0,18,34
5146,31.314115,121.417677,0.0,0.45,37500,750,1996,158.0,2,38
5152,31.402519,121.460967,0.0,0.8,135000,6000,2013,154.0,2,35
5155,31.335067,121.464619,0.0,0.72,1000,250,2001,40.0,2,35
5157,31.297313,121.421268,0.0,1.3,100000,645,2004,800.0,9,35
5158,31.405528000000004,121.50248500000001,0.0,1.0,77000,675,1998,450.0,14,28
5160,31.375834,121.447787,0.0,0.6,95000,480,2003,80.0,15,30
5161,31.317359999999997,121.38915300000001,0.0,0.45,6500000,986,1997,400.0,168,35
5162,31.352878000000004,121.502801,0.0,0.6,32390,1800,2002,50.0,15,35
5165,31.409789,121.49913600000001,0.0,1.0,92000,1550,1996,680.0,17,30
5166,31.41273,121.501729,0.0,0.3,125000,1785,1994,185.0,12,35
5167,31.408590000000004,121.48746000000001,0.0,0.3,120000,1200,2000,750.0,8,24
5168,31.409329999999997,121.43533400000001,0.0,1.35,58012,580,2006,50.0,18,42
5169,31.407645000000002,121.36933,1.0,2.8,50000,260,2007,260.0,6,50
5170,31.275519,121.42641699999999,0.0,1.5,100000,572,2006,270.0,333,40
5206,31.421576,121.35376799999999,0.0,0.5,25600,192,1988,48.0,15,35
5207,31.376989000000002,121.457228,0.0,1.25,370000,1640,2003,172.0,21,38
5212,31.307999,121.42904899999999,0.0,0.65,42700,950,2008,550.0,15,28
5214,31.356159,121.39903799999999,1.0,2.5,80000,186,2009,186.0,67,45
5215,31.396860999999998,121.430676,0.0,2.2,200000,386,2010,760.0,32,50
5217,31.395761,121.506971,0.0,0.4,39000,250,1999,145.0,14,25
5220,31.375069,121.49351899999999,0.0,0.5,21070,375,1995,138.0,2,42
5221,31.361556,121.380948,0.0,0.55,2500,300,2010,35.0,2,49
5222,31.417677,121.439742,0.0,0.6,63,2100,1996,132.0,2,47
5223,31.384588,121.500997,0.0,1.5,47000,310,2001,207.0,15,25
5224,31.412754999999997,121.43308300000001,0.0,0.55,34500,760,1997,164.0,2,35
5228,31.420766999999998,121.437703,0.0,0.6,25320,750,1990,300.0,18,30
5229,31.425917,121.43494399999999,0.0,1.23,42650,750,1987,169.0,2,49
5230,31.424009,121.43205900000001,0.0,0.6,6521,543,1994,145.0,2,47
5231,31.351282,121.499225,0.0,1.2,27580,850,1983,184.0,18,30
5233,31.41425,121.496101,0.0,0.5,90000,640,1994,320.0,1,24
5234,31.424191999999998,121.433982,0.0,1.23,100000,178,1993,178.0,18,47
5235,31.395557,121.37240600000001,0.0,0.8,35000,750,2006,360.0,15,25
5239,31.34913,121.44530800000001,0.0,0.71,56000,1008,2004,198.0,18,40
5241,31.41705,121.49306299999999,0.0,0.4,26450,450,1991,198.0,2,37
5242,31.411440999999996,121.498148,0.0,0.8,79000,985,1991,350.0,15,25
5243,31.339667,121.46833000000001,0.0,0.5,60000,380,1998,85.0,145,36
5244,31.34345900000001,121.451426,0.0,1.6,15000,137,1996,35.0,138,30
5246,31.421568,121.43194199999999,0.0,0.5,51000,960,1992,500.0,3,28
5250,31.397717999999998,121.50619099999999,0.0,0.6,34650,1250,1989,148.0,18,43
5251,31.416286,121.43988200000001,0.0,0.4,28560,860,1995,400.0,18,25
5253,31.430446000000003,121.356576,0.0,1.05,61000,627,2009,520.0,12,26
5254,31.320078999999996,121.38063000000001,0.0,1.0,8545,664,2004,600.0,13,40
5256,31.41985,121.434455,0.0,0.6,39000,530,1993,470.0,2,30
5257,31.396278999999996,121.496524,0.0,0.7,32000,120,1998,50.0,16,25
5258,31.401329999999998,121.509803,0.0,1.6,120000,790,2009,375.0,13,25
5262,31.40901400000001,121.48484499999999,0.0,0.3,92000,900,1991,685.0,12,23
5263,31.327809000000002,121.467479,0.0,1.5,52600,870,1995,380.0,18,25
5265,31.291923999999998,121.429402,0.0,0.8,39000,328,2000,350.0,2,40
5266,31.389613,121.36816999999999,0.0,2.9,25600,620,1991,190.0,2,38
5267,31.322371999999998,121.38883100000001,0.0,0.6,100000,120,1998,80.0,23,37
5268,31.319247999999998,121.49326,0.0,1.0,26000,220,1997,80.0,21,36
5272,31.278776,121.42555300000001,0.0,0.72,2000,396,2000,145.0,2,30
5274,31.314155,121.38399,0.0,1.0,90000,690,2008,300.0,14,45
5275,31.3832,121.503739,0.0,0.85,25500,420,1988,200.0,18,25
5276,31.342928000000004,121.465502,0.0,0.6,20000,580,1992,50.0,2,30
5277,31.292628000000004,121.41823000000001,0.0,0.45,27000,208,2003,60.0,18,43
5278,31.349359000000003,121.49103999999998,0.0,0.4,10000,98,2002,100.0,141,40
5280,31.354316999999998,121.49708500000001,0.0,0.6,8000,385,1990,18.0,18,28
5281,31.424865999999998,121.420331,0.0,0.9,31200,630,1979,178.0,2,49
5282,31.356683,121.505253,0.0,1.24,8000,785,1995,38.0,15,30
5284,31.403941999999997,121.49285400000001,0.0,0.8,79000,350,1999,300.0,23,30
5285,31.419228999999998,121.440297,0.0,0.5,270000,300,1995,169.0,13,46
5286,31.279355,121.427549,0.0,0.6,1204,312,1990,168.0,2,40
5287,31.413190000000004,121.497681,0.0,0.8,42000,680,1987,172.0,18,40
5289,31.30592,121.39303799999999,0.0,0.95,25500,385,1999,135.0,18,30
5290,31.414866999999997,121.49705800000001,0.0,0.6,95000,830,2001,420.0,15,25
5292,31.413866,121.49824299999999,0.0,0.85,45120,398,1991,157.0,2,43
5293,31.392742,121.366525,0.0,0.45,24793,276,2004,265.0,2,49
5294,31.408894,121.49406200000001,0.0,0.85,45000,750,1987,185.0,17,49
5295,31.395274,121.37101399999999,0.0,1.2,37580,630,2001,138.0,2,38
5297,31.410178000000002,121.50461999999999,0.0,1.0,170000,2400,1993,600.0,12,23
5299,31.407715999999997,121.496925,0.0,0.2,91000,420,1998,120.0,13,25
5300,31.413796,121.485575,0.0,0.5,120000,1400,1988,870.0,105,20
5302,31.395364,121.502999,0.0,0.6,10000,2000,1989,148.0,18,45
5303,31.358509,121.396178,0.0,1.3,53500,770,2007,174.0,135,31
5304,31.307188,121.404257,0.0,1.48,10680,3750,2006,31.0,18,36
5306,31.393756,121.501888,0.0,0.5,300000,3215,1994,720.0,12,30
5307,31.349971000000004,121.504842,0.0,1.51,690000,506,2008,276.0,13,40
5308,31.40273,121.366855,0.0,1.0,770000,780,2007,222.0,6,40
5309,31.380151,121.504221,0.0,1.5,20000,92,2005,38.0,334,35
5310,31.417227,121.43085500000001,0.0,1.4,12600,120,2004,120.0,15,49
5313,31.372413,121.49261100000001,0.0,0.8,17401,199,2008,57.0,16,32
5314,31.336562,121.45191200000001,0.0,0.6,45000,750,2002,185.0,2,30
5501,31.201453000000004,121.451082,0.0,6.8,108000,129,1989,220.0,3,30
5502,31.186448,121.46241599999999,0.0,7.0,150000,292,2015,725.0,25,42
5504,31.178234000000003,121.435125,0.0,1.3,100000,1920,1987,128.0,2,30
5505,31.184013,121.460881,0.0,1.7,350000,800,2004,118.0,17,48
5506,31.186730999999998,121.46057900000001,0.0,6.5,120653,431,2015,542.0,25,35
5507,31.196521,121.420718,0.0,1.5,40000,352,2000,180.0,22,50
5509,31.197606,121.439723,0.0,3.35,200000,1750,2001,500.0,4,40
5516,31.138909,121.43373400000002,0.0,0.8,8545,2500,2001,500.0,18,35
5517,31.126572999999997,121.45428100000001,0.0,0.45,3800,176,2000,160.0,2,38
5518,31.204217,121.43493500000001,0.0,0.6,14852,134,1986,35.0,2,20
5520,31.192562,121.46228,0.0,1.5,20000,480,1991,120.0,18,35
5522,31.196153000000002,121.44660400000001,0.0,3.25,120000,800,2005,200.0,26,35
5526,31.123464000000002,121.46542,0.0,4.5,220000,1400,2011,960.0,122,37
5528,31.125794,121.466972,0.0,0.6,52141,650,2004,480.0,14,25
5529,31.196325,121.422307,0.0,2.0,20461,2635,2007,180.0,24,43
5530,31.199246999999996,121.44331499999998,0.0,2.5,20000,448,1992,62.0,25,20
5531,31.194956,121.444115,0.0,2.5,120000,1056,2003,900.0,35,35
5532,31.221429999999998,121.452165,0.0,5.5,80000,359,2004,341.0,3,50
5533,31.206879999999998,121.472974,0.0,1.3,15000,446,2000,106.0,15,30
5535,31.179901,121.43311299999999,0.0,1.38,45000,462,1994,240.0,2,35
5541,31.197984,121.441034,0.0,8.0,200000,400,2005,120.0,126,40
5544,31.189799,121.440395,0.0,0.8,50000,324,1984,30.0,3,35
5548,31.147834999999997,121.424522,0.0,0.28,120000,648,1994,480.0,2,35
5550,31.172010999999998,121.438951,0.0,0.45,18000,420,1982,150.0,16,25
5551,31.206731,121.43821000000001,0.0,7.0,20000,190,2007,255.0,56,30
5556,31.168834000000004,121.43672099999999,0.0,1.6,80000,613,1999,150.0,21,35
5557,31.171058000000002,121.436024,0.0,2.2,110000,650,2007,600.0,2,41
5570,31.221418,121.464047,0.0,18.8,390000,64,2014,128.0,32,32
5571,31.164265000000004,121.421171,0.0,0.45,3620,650,2006,80.0,12,30
5573,31.190245,121.44629099999999,0.0,2.8,63000,600,2007,200.0,37,35
5574,31.140865,121.44637900000001,0.0,0.35,5212,2300,1988,500.0,15,35
5575,31.162359000000002,121.459374,0.0,0.6,5412,1350,1998,300.0,17,30
5576,31.155196000000004,121.424246,0.0,2.5,38000,450,2004,300.0,17,40
5577,31.181748,121.429927,0.0,0.8,30000,320,1993,33.0,2,35
5578,31.12255900000001,121.46761399999998,0.0,0.45,6400,180,1995,45.0,16,29
5579,31.20325900000001,121.44250500000001,0.0,1.5,18000,586,1998,200.0,2,38
5580,31.191218,121.45442,0.0,0.3,3215,200,1993,100.0,16,35
5583,31.19063,121.43738,0.0,1.6,35000,268,2002,320.0,2,35
5585,31.189818,121.45855300000001,0.0,2.2,74673,490,2006,302.0,294,35
5586,31.204062,121.45652,0.0,1.2,20103,738,1995,80.0,25,30
5587,31.183348,121.446774,0.0,1.6,50000,471,2002,118.0,22,52
5588,31.197547999999998,121.45613999999999,0.0,1.8,23620,540,2003,60.0,35,35
5590,31.20167,121.472296,0.0,1.55,20000,700,2004,300.0,32,30
5592,31.205161,121.46748999999998,0.0,1.75,100000,672,2001,158.0,23,40
5593,31.205638,121.473757,0.0,1.7,120000,400,2000,178.0,35,40
5596,31.159896000000003,121.42513500000001,0.0,2.3,27000,600,2000,180.0,15,45
5597,31.181223,121.439348,0.0,2.2,100000,2350,2005,31.0,2,40
5598,31.168025,121.435674,0.0,2.5,156783,1110,2002,423.0,28,40
5611,31.140987,121.432098,0.0,0.6,49769,90,2014,167.0,2,30
5622,31.215889,121.445678,0.0,0.5,100000,30,1929,100.0,19,45
5623,31.140653000000004,121.457755,0.0,0.6,17400,323,2005,88.0,187,40
5626,31.125465999999996,121.45173700000001,0.0,0.6,30000,350,2000,350.0,2,30
5628,31.202928999999997,121.452335,0.0,1.2,9500,100,1993,100.0,21,25
5632,31.176546000000002,121.426235,0.0,1.5,4200,56,2002,30.0,3,40
5634,31.207726,121.465097,0.0,2.8,7500,288,1995,36.0,3,30
5636,31.160807000000002,121.46065800000001,0.0,0.8,8000,1600,1993,56.0,16,30
5637,31.199744,121.43470500000001,0.0,1.15,30000,188,1999,55.0,25,30
5640,31.202271999999997,121.463435,0.0,1.2,2000,900,1999,64.0,23,46
5642,31.218327000000002,121.46529,0.0,2.0,18689,404,2003,120.0,39,30
5644,31.198959000000002,121.434036,0.0,2.45,16000,267,2003,120.0,36,36
5645,31.21150200000001,121.46649,0.0,2.2,49079,450,2000,97.0,2,25
5649,31.149763,121.427131,0.0,0.7,60134,428,1997,210.0,2,30
5652,31.182194,121.45078899999999,0.0,1.6,55000,574,2000,600.0,33,40
5690,31.171925,121.46269,0.0,7.8,60797,180,2017,253.0,255,52
5697,31.150952,121.43617900000001,0.0,2.01,24206,31,2010,81.0,15,36
5706,31.186852000000002,121.41640600000001,0.0,0.85,160000,780,2002,95.0,15,35
5714,31.137537,121.43039099999999,0.0,0.35,381000,127,1999,48.0,12,35
5719,31.174828,121.44360900000001,0.0,1.0,15000,324,2000,110.0,12,30
5721,31.176589,121.44741299999998,0.0,0.5,89000,1160,1986,210.0,19,35
5723,31.196269,121.424304,0.0,1.5,22232,288,2004,30.0,16,35
5728,31.138365999999998,121.446455,0.0,1.1,3000,1286,1996,100.0,15,26
5732,31.146226000000002,121.449104,0.0,1.0,7000,84,1999,110.0,2,28
5736,31.186023,121.455901,0.0,1.2,10000,180,1997,50.0,3,25
5739,31.193631,121.446104,0.0,3.5,1600,253,1999,208.0,3,20
5741,31.215983,121.44931299999999,0.0,0.7,6000,52,2004,40.0,16,35
5742,31.197770000000002,121.44814299999999,0.0,0.8,32000,384,1997,50.0,3,30
5744,31.179429,121.444473,0.0,1.45,180,350,1998,100.0,28,30
5746,31.197665,121.451178,0.0,2.5,234,230,2004,238.0,32,35
5750,31.197349,121.433903,0.0,1.8,63223,745,2007,500.0,278,40
5751,31.170882000000002,121.44206299999999,0.0,1.8,43000,335,2003,110.0,36,40
5752,31.141945,121.44486100000002,0.0,0.95,11967,225,2005,60.0,16,33
5754,31.176684,121.42872,0.0,1.28,50000,760,1982,230.0,16,30
5757,31.202638,121.43119899999999,0.0,1.5,66000,250,2001,200.0,37,37
5761,31.146601,121.43891399999998,0.0,0.6,35000,1400,1996,85.0,2,30
5762,31.190203000000004,121.45708799999998,0.0,0.6,36500,760,1979,80.0,18,20
5769,31.17554,121.43450700000001,0.0,2.1,109000,770,2001,350.0,172,40
5771,31.201213,121.42886499999999,0.0,2.2,40000,396,2001,150.0,4,40
5774,31.190856,121.44414599999999,0.0,2.2,98000,55,2003,500.0,38,50
5776,31.145614000000002,121.422472,0.0,0.8,64000,460,1995,80.0,16,32
5777,31.158944,121.45845200000001,0.0,1.7,9000,370,2002,75.0,19,30
5779,31.197723,121.445728,0.0,2.8,54900,666,2004,180.0,45,45
5783,31.21202700000001,121.464173,0.0,8.0,30332,540,2003,80.0,32,40
5785,31.191552,121.432502,0.0,1.87,50000,405,2005,120.0,2,40
5787,31.210686,121.467897,0.0,2.25,177814,953,1999,450.0,13,35
5893,31.193222,121.431202,0.0,1.15,3000,180,1997,150.0,32,20
5900,31.204119,121.466353,0.0,7.0,25675,167,2014,88.0,5,21
5911,31.168728,121.437928,0.0,1.8,49000,163,1992,88.0,2,35
5913,31.218307,121.46263200000001,0.0,0.5,4322,42,1993,10.0,18,23
5915,31.218969,121.445999,0.0,0.8,7850,180,1964,30.0,15,35
5918,31.192644,121.426905,0.0,1.0,25000,320,2011,180.0,16,35
5920,31.209584999999997,121.451645,0.0,1.5,5620,65,1948,30.0,12,30
5927,31.146782,121.45633799999999,0.0,1.1,508500,4770,2008,100.0,1,20
5931,31.215154,121.463922,0.0,0.5,2000,68,1986,23.0,1,20
5932,31.213223,121.467817,0.0,0.4,4869,46,1990,35.0,16,35
5940,31.153863,121.43369299999999,0.0,0.35,324,144,1996,51.0,14,35
5949,31.196762,121.437317,0.0,0.8,7800,600,1986,98.0,18,28
5952,31.173640000000002,121.457796,0.0,0.5,3600,250,1993,100.0,16,30
5953,31.214607,121.44639,0.0,0.8,130000,560,1936,200.0,15,35
5965,31.214265,121.46215,0.0,0.5,13650,8,1942,6.0,12,35
5970,31.215159999999997,121.44532099999999,0.0,0.8,180000,450,1983,120.0,12,35
5976,31.205689000000003,121.454378,0.0,2.0,11520,126,1998,60.0,3,20
5979,31.139295,121.42953500000002,0.0,1.53,5545,420,2008,206.0,21,36
5983,31.214892,121.46410300000001,0.0,0.5,6321,62,1937,10.0,15,32
5991,31.20978,121.45160700000001,0.0,1.5,12800,133,1991,25.0,3,25
5994,31.121284999999997,121.460921,0.0,1.6,143050,870,1999,143.0,2,35
5995,31.224551,121.46453100000001,0.0,1.5,1530,28,1942,3.0,15,35
5999,31.189169,121.458357,0.0,1.2,5000,360,2003,20.0,4,35
6003,31.179009999999998,121.42833799999998,0.0,0.8,42220,462,1983,200.0,2,30
6007,31.14032700000001,121.452629,0.0,0.5,84600,325,1994,100.0,15,35
6011,31.186807,121.451582,0.0,1.2,43000,550,1990,200.0,2,30
6014,31.179555999999998,121.43100600000001,0.0,0.5,51232,200,1987,200.0,28,30
6021,31.142446000000003,121.441965,0.0,0.5,61889,654,1989,31.0,15,35
6023,31.143041999999998,121.44755,0.0,0.8,2100,100,1988,100.0,15,20
6025,31.136678000000003,121.440928,0.0,0.5,1520,410,1996,210.0,16,30
6028,31.186481,121.438493,0.0,2.0,106785,530,2003,193.0,33,29
6030,31.14792000000001,121.44615800000001,0.0,1.3,300000,350,1987,600.0,17,20
6031,31.148375,121.45016499999998,0.0,0.6,5300,1505,1994,152.0,2,28
6044,31.202441999999998,121.439228,0.0,1.5,24500,286,1991,50.0,25,20
6051,31.191177000000003,121.429156,0.0,2.0,85000,687,2011,281.0,25,50
6053,31.214638,121.443643,0.0,0.8,300,5,1925,5.0,8,45
6055,31.176709999999996,121.453055,0.0,1.78,130000,843,2003,240.0,19,48
6056,31.18757,121.41923500000001,0.0,0.8,20000,460,1996,120.0,2,20
6058,31.155804999999997,121.43740600000001,0.0,0.95,5380,110,1999,50.0,16,38
6061,31.195511,121.43443300000001,0.0,2.5,43000,196,2003,85.0,316,40
6064,31.150643,121.452444,1.0,2.8,58102,256,2004,91.0,142,41
6069,31.195646000000004,121.437886,0.0,1.5,28000,230,2002,100.0,38,33
6070,31.170035,121.43319199999999,0.0,0.35,32000,342,1996,67.0,2,35
6071,31.187682000000002,121.422147,0.0,1.05,22599,285,2003,230.0,2,35
6073,31.194757,121.446396,0.0,1.8,25000,432,1997,186.0,33,30
6074,31.209846000000002,121.45271699999999,0.0,0.5,23361,560,1993,10.0,23,40
6077,31.16415,121.454976,0.0,1.6,41000,340,2002,98.0,17,35
6079,31.195849,121.45319099999999,0.0,1.5,40000,700,2000,600.0,4,30
6080,31.208911999999998,121.45306599999999,0.0,1.44,3000,160,2007,90.0,3,35
6081,31.177052000000003,121.448217,0.0,1.5,20000,114,2003,50.0,23,42
6082,31.144547999999997,121.43450800000001,0.0,0.8,54350,803,1999,230.0,18,37
6083,31.195317,121.45576399999999,0.0,1.8,6959,176,2001,120.0,33,30
6085,31.180179,121.45088999999999,0.0,0.6,3800,520,1996,80.0,2,30
6087,31.157907,121.416278,0.0,0.5,30000,1200,1992,300.0,36,45
6089,31.187054999999997,121.456842,0.0,0.5,16230,48,1965,80.0,18,35
6091,31.192652000000002,121.446371,0.0,1.8,41854,180,2001,127.0,25,35
6094,31.143757,121.436226,0.0,1.2,80000,708,2003,330.0,17,30
6096,31.137627000000002,121.438189,0.0,0.7,17000,132,2002,60.0,19,30
6105,31.191514,121.456318,0.0,2.15,18584,150,1999,38.0,45,20
6106,31.19104500000001,121.461633,0.0,0.8,2000,120,1994,80.0,12,28
6107,31.161429,121.425652,0.0,0.5,47000,829,1994,300.0,23,30
6109,31.163087,121.424901,0.0,0.5,74500,910,1995,396.0,14,40
6110,31.162707,121.42345300000001,0.0,1.3,69000,624,1991,150.0,12,45
6113,31.162623999999997,121.46364799999999,0.0,0.8,5000,1500,1995,340.0,18,22
6117,31.190346999999996,121.450376,0.0,1.3,10000,2000,1998,150.0,2,30
6119,31.197329999999997,121.43768500000002,0.0,2.5,40000,400,2002,100.0,42,50
6121,31.162722,121.45733100000001,0.0,1.4,20000,200,2002,60.0,15,30
6125,31.196094,121.432751,0.0,3.5,73000,560,2004,350.0,36,50
6127,31.19170200000001,121.44596899999999,0.0,2.51,109000,656,1999,248.0,351,40
6130,31.169392,121.439328,0.0,0.8,30000,630,1990,85.0,14,35
6132,31.15363,121.419898,0.0,0.6,35000,882,1992,85.0,12,30
6133,31.196906,121.448279,0.0,3.8,14000,210,2000,64.0,35,30
6134,31.217534999999998,121.45251,0.0,2.0,3797,47,2015,50.0,18,38
6135,31.173161,121.436621,0.0,1.65,16000,300,2005,80.0,22,35
6138,31.153060999999997,121.41776399999999,0.0,0.6,6000,720,1992,150.0,19,35
6141,31.151673,121.43545900000001,0.0,0.8,22000,120,2005,115.0,19,40
6143,31.132106,121.45563100000001,0.0,1.5,148000,680,2007,500.0,13,35
6146,31.160553999999998,121.459208,0.0,1.6,8500,340,2003,80.0,208,45
6147,31.172797999999997,121.453326,0.0,1.95,10000,400,2004,150.0,35,30
6148,31.209496,121.462447,0.0,8.0,36000,169,1937,139.0,23,33
6150,31.201860999999997,121.475623,0.0,2.2,29963,273,2006,70.0,16,35
6151,31.144209999999998,121.446918,0.0,0.8,29400,654,1989,100.0,15,25
6153,31.194957000000002,121.437692,0.0,2.0,20000,141,2005,69.0,2,35
6154,31.136714,121.436526,0.0,1.0,20000,264,2002,35.0,12,40
6201,31.171318,121.438806,0.0,1.65,39633,220,2003,150.0,18,35
6210,31.21971,121.453965,0.0,0.5,1000,19,1989,28.0,16,35
6213,31.19489,121.464025,0.0,2.0,6800,5210,1980,150.0,16,25
6214,31.149305,121.436939,0.0,0.5,79,98,1998,49.0,12,35
6215,31.183302,121.42631200000001,0.0,1.2,20000,640,2000,80.0,25,35
6219,31.21389000000001,121.443845,0.0,4.5,690,20,1979,4.0,1,35
6220,31.164572999999997,121.459623,0.0,0.7,14000,230,1994,60.0,18,30
6222,31.142189000000002,121.42365,0.0,0.7,11500,400,1997,42.0,2,35
6224,31.182743,121.44323600000001,0.0,1.13,64000,1200,1996,400.0,32,32
6226,31.219294,121.457349,0.0,2.0,24502,523,1991,125.0,9,35
6229,31.163062,121.455265,0.0,1.65,37000,240,2005,23.0,208,35
6230,31.225006,121.46410700000001,0.0,0.8,5600,85,2002,20.0,16,36
6234,31.1276,121.446145,0.0,0.5,25000,360,1994,235.0,16,30
6237,31.176759999999998,121.443404,0.0,0.8,12565,900,1992,260.0,1,25
6241,31.183021000000004,121.448949,0.0,1.3,40000,202,1998,75.0,21,34
6245,31.199375,121.431205,0.0,0.5,39000,624,1985,462.0,16,25
6247,31.173253999999996,121.45506599999999,0.0,0.9,112000,856,2004,220.0,16,35
6250,31.199939,121.44786,0.0,1.3,1650,568,1991,49.0,2,25
6252,31.18605800000001,121.43310100000001,0.0,1.1,20000,136,2005,630.0,4,30
6253,31.152888,121.444052,0.0,1.5,11000,164,2005,28.0,22,40
6267,31.199977,121.450649,0.0,2.5,6033,12,2007,24.0,2,35
6274,31.160897,121.429775,0.0,2.3,70000,562,2008,360.0,18,39
6289,31.204788,121.44771599999999,0.0,0.8,5000,49,2015,12.0,18,35
6291,31.20599600000001,121.45379299999999,0.0,1.2,5412,24,2015,35.0,18,45
6293,31.214636,121.448972,0.0,1.5,2160,54,1986,10.0,16,30
6295,31.1785,121.44626399999999,0.0,1.5,4000,85,2003,50.0,25,40
6296,31.177968,121.402599,0.0,1.0,86000,586,1999,200.0,15,30
6299,31.218564,121.45328,0.0,1.8,15620,560,1991,85.0,19,30
6302,31.195933,121.43713600000001,0.0,1.3,800,224,1997,100.0,4,28
6304,31.175034999999998,121.436501,0.0,1.8,16000,141,2002,49.0,4,30
6306,31.205540999999997,121.465648,0.0,1.2,130000,300,1999,100.0,3,40
6307,31.200847999999997,121.47056599999999,0.0,1.0,2500,50,2001,20.0,16,35
6308,31.18300300000001,121.42771699999999,0.0,1.5,12000,136,2002,50.0,3,30
6309,31.18427800000001,121.421799,0.0,1.2,17000,192,1997,15.0,35,30
6310,31.163228999999998,121.459453,0.0,1.0,160000,36,2006,100.0,15,27
6311,31.153691,121.42474399999999,0.0,1.5,60000,588,1996,100.0,42,20
6321,31.219671999999996,121.46528300000001,0.0,1.0,18700,380,1994,120.0,18,35
6322,31.220475,121.446926,0.0,2.0,17000,120,1936,64.0,2,25
6325,31.170826,121.443573,0.0,1.6,2600,765,1997,120.0,38,30
6326,31.160258000000002,121.41755900000001,1.0,4.2,42000,152,2001,300.0,7,45
6327,31.184726,121.42286599999998,0.0,1.2,275000,1129,1996,150.0,29,35
6328,31.172912,121.43101599999999,0.0,1.8,9300,116,2002,60.0,15,48
6330,31.192940999999998,121.432179,0.0,1.15,80000,420,1997,300.0,32,20
6332,31.208136,121.442645,0.0,4.8,26548,192,1996,105.0,38,30
6445,31.214096,121.44659399999999,0.0,1.1,2300,20,1959,10.0,18,40
6446,31.219285,121.45137199999999,0.0,0.8,4563,65,1984,16.0,12,30
6462,31.186916999999998,121.45777700000001,0.0,1.2,12000,980,1995,370.0,16,30
6466,31.186976,121.42811599999999,0.0,1.1,32640,450,2008,150.0,29,45
6468,31.207246,121.450745,0.0,1.2,9189,240,1993,80.0,3,30
6469,31.213088,121.448214,0.0,0.8,3564,50,1948,46.0,16,35
6470,31.210488,121.44495500000001,0.0,0.8,12432,122,1936,20.0,18,40
6475,31.144361,121.42392,0.0,0.6,3535,1010,2000,350.0,16,35
6484,31.222993,121.45836499999999,0.0,0.5,12500,370,1983,350.0,16,30
6485,31.205181,121.46275700000001,0.0,0.8,10000,198,1992,80.0,2,30
6492,31.209735,121.44746,0.0,2.0,1000,36,1935,30.0,12,35
6509,31.185278999999998,121.427153,0.0,1.25,5000,192,1997,80.0,3,35
6517,31.216521000000004,121.46642,0.0,0.8,5322,68,1993,10.0,14,30
6522,31.206958,121.46702900000001,0.0,0.8,100000,312,1996,14.0,14,35
6526,31.216244,121.46303600000002,0.0,0.5,16500,320,2000,100.0,18,35
6527,31.210835,121.461367,0.0,0.8,4321,46,1936,10.0,14,29
6533,31.215113,121.448425,1.0,4.5,2450,40,1927,20.0,7,30
6540,31.196492,121.45924099999999,0.0,0.8,30000,420,1982,50.0,2,35
6542,31.157708000000003,121.422357,0.0,1.6,8954,264,2000,60.0,36,30
6553,31.205840000000002,121.455046,0.0,2.4,21000,485,2002,52.0,237,35
6555,31.186978000000003,121.454851,0.0,0.6,5000,1000,1990,68.0,18,30
6556,31.205496999999998,121.451247,0.0,0.6,150000,652,1992,100.0,28,36
6561,31.210344,121.4593,0.0,1.2,5820,140,1986,6.0,22,30
6568,31.216289,121.46501299999998,0.0,1.3,6520,200,1990,120.0,16,30
6569,31.141078999999998,121.428731,0.0,0.6,2000,265,1990,26.0,2,30
6571,31.188296,121.439622,0.0,4.0,62530,100,2002,50.0,36,30
6576,31.150185999999998,121.44208400000001,0.0,1.2,53000,1552,1994,200.0,18,25
6579,31.156975,121.424884,0.0,1.2,2860,125,1992,30.0,16,43
6583,31.219649,121.456433,0.0,0.8,10400,57,1949,10.0,161,20
6585,31.210851,121.45938799999999,0.0,0.8,30000,350,1998,150.0,25,30
6588,31.152597999999998,121.441534,0.0,1.3,6521,1000,1995,56.0,18,25
6589,31.206609000000004,121.46314,0.0,0.8,25423,258,1989,154.0,14,25
6594,31.190206,121.428583,0.0,1.8,6400,610,1993,280.0,18,35
6597,31.205712,121.466571,0.0,1.5,17788,160,2006,40.0,2,25
6603,31.188738,121.43816699999999,0.0,1.5,12000,300,1999,150.0,13,30
6605,31.137168,121.437946,0.0,0.7,8000,1068,1999,300.0,18,42
6606,31.19732,121.447548,0.0,2.4,19000,135,2002,64.0,4,36
6607,31.213896000000002,121.46683700000001,0.0,1.6,18000,102,1999,44.0,32,30
6611,31.167864,121.439051,0.0,1.5,48600,336,2004,182.0,28,40
6612,31.137528000000003,121.44101299999998,0.0,0.6,7600,340,1996,155.0,29,30
6616,31.139871999999997,121.443634,0.0,0.6,13000,528,2003,67.0,14,32
6619,31.189606,121.430049,0.0,0.8,14508,104,1999,44.0,166,33
6626,31.150060999999997,121.41989099999999,0.0,0.89,4800,700,1989,180.0,197,30
6631,31.194229999999997,121.44628,0.0,2.15,18000,140,2000,100.0,44,20
6632,31.156285999999998,121.41903799999999,0.0,1.2,58429,300,2000,138.0,198,30
6633,31.220665999999998,121.44844099999999,0.0,0.8,10476,84,1998,42.0,25,40
6635,31.1425,121.43371299999998,0.0,0.6,40000,708,2001,135.0,14,38
6636,31.209453999999997,121.46696599999999,0.0,4.0,8000,300,1997,150.0,4,20
6638,31.143159000000004,121.422032,0.0,1.98,20000,187,2006,75.0,25,35
6639,31.189352000000003,121.43511299999999,0.0,1.9,26000,176,2006,80.0,25,50
6641,31.145554999999998,121.43658799999999,0.0,0.8,13500,102,2006,18.0,21,25
6645,31.17033300000001,121.439805,0.0,1.0,5000,134,1995,60.0,12,30
6647,31.206506,121.46224699999999,0.0,0.6,11520,280,1992,56.0,19,30
6649,31.19245,121.456112,0.0,1.6,2000,200,1997,60.0,22,30
6651,31.181989,121.43223700000001,0.0,1.25,1800,201,1996,24.0,18,21
6657,31.149839,121.457806,0.0,0.8,6000,360,1995,80.0,12,35
6661,31.199309000000003,121.460574,0.0,2.3,43761,98,2007,171.0,39,36
6662,31.169659999999997,121.443284,0.0,1.5,11000,98,2004,50.0,17,35
6663,31.223694000000002,121.460404,0.0,1.85,7980,80,1999,60.0,2,20
6664,31.179199,121.464579,0.0,0.5,5000,156,1998,80.0,2,35
6666,31.20723,121.467998,0.0,1.2,58600,500,1984,258.0,18,25
6667,31.208049,121.455931,0.0,5.5,18689,36,1997,49.0,198,35
6669,31.13873,121.437031,0.0,0.8,15000,300,1998,150.0,133,26
6672,31.200546999999997,121.475078,0.0,1.5,12000,100,1982,10.0,36,35
6673,31.135963,121.44021399999998,0.0,0.6,47000,700,2002,150.0,16,30
6675,31.178996,121.45093200000001,0.0,0.6,10736,95,2000,36.0,16,25
6677,31.175185,121.44286799999999,0.0,3.6,136000,138,2003,65.0,2,30
6679,31.205914,121.46503,0.0,1.0,60000,420,1999,200.0,219,45
6683,31.155283,121.457526,0.0,0.45,30000,368,2000,80.0,15,37
6684,31.194463,121.434229,0.0,1.5,36000,300,2002,100.0,24,38
6686,31.164833,121.432818,0.0,1.7,28866,386,1991,180.0,34,35
6687,31.158619,121.42879599999999,0.0,1.3,2000,918,1989,90.0,18,25
6689,31.20839,121.456819,0.0,6.5,13594,52,1998,46.0,36,35
6847,31.217609999999997,121.449278,0.0,0.8,6422,4522,1988,10.0,14,35
6850,31.201206,121.435905,0.0,0.8,30000,432,1991,50.0,25,20
6869,31.214684000000002,121.445136,0.0,1.0,11100,5,1980,5.0,14,60
6877,31.161188,121.457295,0.0,0.6,4500,560,2002,110.0,16,35
6878,31.19845,121.43770900000001,0.0,1.2,4500,120,2015,50.0,13,30
6893,31.141752,121.43486000000001,0.0,0.8,47000,1200,1996,200.0,16,35
7001,31.128978999999998,121.27831200000001,1.0,2.8,100000,143,2004,200.0,28,65
7006,31.115793,121.23674199999999,0.0,1.2,502000,520,2011,110.0,22,35
7007,31.116404,121.24381899999999,0.0,1.5,86535,964,2012,79.0,36,27
7008,31.128684000000003,121.273096,1.0,2.6,118000,470,2007,490.0,6,40
7013,31.102728999999997,121.181614,1.0,3.3,94000,348,2013,700.0,1,40
7015,31.101571000000003,121.343708,0.0,1.4,68000,558,2012,371.0,16,46
7018,31.068407,121.31958700000001,0.0,1.0,560000,426,2000,356.0,16,35
7037,31.067494,121.212944,0.0,0.8,124208,247,2013,537.0,8,33
7040,31.054445,121.187091,0.0,0.8,55945,1300,2009,550.0,12,40
7041,31.1125,121.25274099999999,1.0,4.6,520000,650,2006,250.0,3,46
7042,31.04598,121.19173700000002,0.0,1.55,78170,803,2009,478.0,8,36
7045,31.056917,121.236921,0.0,1.0,184229,1650,2006,855.0,13,48
7047,31.05229000000001,121.198528,0.0,1.7,260000,2000,2009,782.0,89,35
7048,31.04403,121.221248,0.0,1.35,200000,1320,2005,582.0,259,40
7065,31.14143,121.32379399999999,0.0,2.2,29000,1800,2006,323.0,18,40
7070,31.074648,121.20279599999999,1.0,3.6,100000,491,2015,125.0,8,35
7072,31.044,121.21450800000001,0.0,2.9,79251,658,2013,345.0,385,35
7073,31.096565000000002,121.29508200000001,1.0,6.0,360000,121,2015,11.0,38,39
7076,31.051016999999998,121.31751799999999,0.0,0.35,36800,460,2000,300.0,18,42
7077,31.142311,121.319658,0.0,0.6,26000,200,2005,200.0,18,25
7078,31.154901000000002,121.302453,0.0,1.7,150000,1200,2010,800.0,1,46
7082,31.156505,121.318848,0.0,1.55,160000,1000,2006,23.0,15,50
7084,31.047513000000002,121.21091799999999,0.0,0.85,69199,1500,2003,780.0,12,35
7103,31.073408,121.22783799999999,0.0,2.98,120000,1071,2015,695.0,18,35
7106,31.067532,121.247254,0.0,3.7,42000,376,2016,544.0,15,35
7107,31.09362,121.30347900000001,0.0,1.5,50000,900,2016,500.0,101,35
7109,31.138996000000002,121.342533,1.0,0.8,255000,155,2004,56.0,9,50
7110,31.05828,121.23619,0.0,1.5,40000,216,2006,400.0,165,40
7112,31.117971,121.238504,0.0,1.5,502000,980,2010,268.0,22,40
7115,31.108819,121.23999199999999,0.0,1.5,171840,1370,2013,753.0,157,35
7117,31.017534,121.23898999999999,0.0,0.9,35700,333,2012,166.0,14,35
7118,31.013324,121.322515,0.0,2.98,5412,405,2012,200.0,118,40
7119,31.046561999999998,121.24393300000001,0.0,1.4,68000,356,2009,226.0,14,38
7121,31.082698999999998,121.333031,1.0,1.5,225000,450,2007,300.0,9,45
7122,31.053006,121.19203799999998,0.0,1.8,119122,780,2010,138.0,9,36
7125,31.093364,121.19856499999999,1.0,8.3,210000,268,2008,381.0,23,71
7128,31.091820000000002,121.341857,1.0,2.5,180000,300,2008,350.0,68,60
7130,31.10455,121.35861200000001,0.0,1.4,70000,470,2005,370.0,195,20
7132,31.103607,121.36416100000001,1.0,1.9,20123,330,1999,330.0,8,39
7133,31.137753999999997,121.334148,0.0,0.45,19200,240,1999,60.0,19,30
7136,31.134032,121.34516399999998,1.0,1.8,1600,276,2002,300.0,7,65
7138,31.137263,121.33171599999999,0.0,0.49,58000,780,2000,180.0,13,23
7139,31.04994000000001,121.243725,0.0,1.35,170000,1200,2005,650.0,17,41
7140,31.047364,121.215861,0.0,0.8,27,1700,2005,600.0,12,39
7141,31.028894,121.18948700000001,0.0,0.6,8000,521,2006,256.0,8,45
7171,31.103662,121.201811,1.0,7.8,156000,217,2018,1.0,48,36
7188,31.105915999999997,121.18166200000002,0.0,3.4,80000,319,2015,638.0,1,40
7196,31.109636,121.26186399999999,0.0,1.2,2000,500,2013,200.0,149,47
7197,31.024055,121.19411200000002,0.0,2.85,127192,860,2015,697.0,16,37
7200,31.063748999999998,121.231922,0.0,2.3,264438,1085,2014,11.0,16,40
7208,31.126593,121.256469,1.0,2.8,10,418,2009,500.0,61,40
7210,31.089024,121.263278,0.0,1.0,37000,556,2015,300.0,1,35
7217,31.072164,121.32311100000001,0.0,1.7,100000,1202,2008,950.0,193,36
7218,31.156245000000002,121.30192,0.0,1.72,49848,990,2010,909.0,86,45
7221,31.137697999999997,121.322841,0.0,1.85,8545,1509,2011,875.0,18,38
7225,31.11514600000001,121.280685,0.0,1.4,20000,246,2003,179.0,2,49
7230,31.13431,121.33221499999999,0.0,1.5,25000,272,2007,112.0,14,48
7231,31.135783,121.333582,0.0,1.5,15000,321,1997,112.0,26,55
7232,31.042678000000002,121.25026299999999,0.0,0.8,45500,568,2011,159.0,2,48
7234,31.047332,121.22121399999999,0.0,0.8,173000,1600,2003,700.0,76,50
7235,31.021687,121.263456,0.0,1.1,43200,540,2001,250.0,12,34
7236,31.033212,121.235025,0.0,0.6,50000,560,2002,280.0,13,32
7237,31.128428000000003,121.295758,1.0,2.0,40000,263,2015,299.0,33,75
7239,31.08643,121.34593999999998,0.0,1.7,12376,732,2003,366.0,114,35
7240,31.131226,121.32945500000001,0.0,0.8,24500,396,2002,258.0,162,42
7242,31.065834999999996,121.31599399999999,1.0,1.8,11208,27,2015,2.0,27,40
7243,31.094465000000003,121.35466699999999,0.0,2.8,55000,213,2004,150.0,3,70
7244,31.014125,121.21327099999999,0.0,0.6,125000,968,2007,554.0,159,49
7245,31.150784,121.313578,0.0,1.55,180000,1352,2007,843.0,13,43
7247,31.039702000000002,121.22099399999999,0.0,1.3,132000,784,2005,900.0,2,35
7248,31.131252000000003,121.335792,0.0,1.5,130000,931,2003,473.0,15,40
7249,31.159794,121.32078899999999,0.0,2.2,100000,263,2008,292.0,7,40
7250,31.043757,121.243629,0.0,1.2,60000,192,2005,180.0,72,50
7252,31.141522,121.341017,1.0,2.8,8000,144,2002,263.0,32,40
7362,31.131653999999997,121.26268999999999,0.0,1.5,57387,676,2016,476.0,16,35
7366,31.096288,121.30201100000001,0.0,1.5,1130000,306,2016,100.0,101,38
7372,31.025681,121.198457,0.0,2.8,140000,904,2016,702.0,16,35
7373,31.066298,121.251053,0.0,2.8,2000,900,2015,800.0,25,35
7377,31.025778999999996,121.19599199999999,0.0,2.6,80000,465,2014,355.0,16,35
7378,31.137534999999996,121.344823,0.0,0.8,255000,350,2004,200.0,93,50
7406,31.115726000000002,121.239029,0.0,1.2,200000,778,2011,300.0,16,35
7411,31.083019,121.34023799999999,1.0,3.2,126863,539,2005,540.0,59,46
7414,31.020993,121.19613799999999,0.0,3.0,130000,922,2008,891.0,16,35
7415,31.019467,121.25383500000001,0.0,0.6,60000,858,2012,638.0,16,35
7416,31.021351,121.21233400000001,0.0,1.0,43424,782,2012,746.0,25,37
7419,31.061534,121.23148700000002,0.0,3.6,220000,242,2012,242.0,16,37
7420,31.018578,121.238444,0.0,0.3,56000,236,1995,85.0,17,20
7426,31.021321,121.26606299999999,0.0,1.2,3000,200,2009,120.0,16,30
7429,31.076054,121.322753,0.0,0.45,25600,1800,2004,150.0,12,30
7432,31.026623999999998,121.246647,0.0,0.5,40000,408,2008,306.0,12,35
7434,31.042634000000003,121.19203600000002,0.0,1.35,86000,350,2010,305.0,15,44
7435,31.038269,121.186996,1.0,1.9,54116,286,2010,286.0,79,40
7436,31.009942,121.24256299999999,0.0,1.5,74605,614,2008,349.0,266,30
7437,31.113698,121.27781999999999,0.0,1.4,130000,1108,2006,776.0,168,40
7438,31.043003000000002,121.193575,0.0,1.6,94050,600,2011,11.0,8,36
7441,31.084923,121.352099,0.0,1.5,63840,797,2010,170.0,196,27
7442,30.982258,121.17939199999999,0.0,0.8,243465,1704,2005,649.0,8,45
7447,31.112301000000002,121.32205800000001,0.0,1.5,35000,520,2004,120.0,18,28
7454,31.102179,121.35208,0.0,2.0,8000,84,2004,50.0,4,51
7455,31.032656,121.20413700000002,1.0,2.0,28000,80,2005,100.0,38,50
7459,31.154662,121.31170900000001,0.0,1.55,165000,1136,2005,810.0,13,35
7460,31.01853,121.199568,0.0,1.8,49600,620,2006,189.0,2,30
7461,31.033134000000004,121.19167,0.0,1.6,91278,704,2008,300.0,8,40
7466,31.038331,121.246599,1.0,1.2,21780,74,2000,100.0,9,39
7469,31.103896000000002,121.347366,1.0,1.5,61000,523,2007,100.0,6,55
7470,31.029462,121.20021799999999,0.0,0.8,8545,1000,2005,380.0,8,40
7471,31.133371,121.33054399999999,0.0,0.8,36800,460,2002,200.0,18,25
7473,31.069109,121.318592,0.0,1.1,66800,606,2005,258.0,2,49
7474,31.132953999999998,121.325112,0.0,0.35,38400,480,2001,240.0,18,35
7475,31.100147999999997,121.23935300000001,1.0,4.5,110000,106,2014,56.0,4,50
7476,31.131179,121.318696,0.0,1.1,36800,460,2007,220.0,18,35
7477,31.088597999999998,121.281622,0.0,0.81,10000,150,2016,120.0,14,32
7478,31.12988,121.34713500000001,0.0,1.3,380000,978,2008,555.0,108,40
7479,31.100514,121.36388799999999,0.0,1.93,120000,560,2001,143.0,16,50
7485,31.009387,121.262048,0.0,0.5,126000,186,1992,156.0,21,40
7486,31.13462100000001,121.33643799999999,0.0,0.45,46400,580,2000,84.0,2,29
7488,31.038119000000002,121.225329,0.0,1.15,127000,533,2003,533.0,115,36
7492,31.033326000000002,121.232712,0.0,0.8,75000,465,2000,250.0,18,35
7493,31.021340999999996,121.22373300000001,0.0,0.4,28800,360,2004,320.0,18,35
7494,31.023976,121.24391200000001,0.0,1.0,40000,408,1999,120.0,2,35
7498,31.02181,121.23513799999999,0.0,0.5,75,1200,1996,210.0,19,35
7499,31.097423,121.36608600000001,1.0,1.4,230000,986,1996,11.0,5,65
7500,31.138091999999997,121.31578999999999,1.0,2.8,31000,128,2003,156.0,5,52
7501,31.135654,121.33868600000001,0.0,0.5,8000,653,2003,94.0,12,53
7502,31.131695,121.335637,0.0,1.2,50000,567,2002,605.0,111,32
7505,31.136618,121.31326100000001,1.0,2.5,80000,265,2004,300.0,69,55
7506,31.135451,121.32553,0.0,0.75,220000,538,2006,285.0,169,35
7507,31.123101000000002,121.274091,0.0,0.8,160000,800,2009,400.0,11,45
7508,31.046457,121.240357,0.0,1.4,110000,563,2007,320.0,16,35
7511,31.152226000000002,121.30559099999999,1.0,3.0,48000,173,2009,372.0,65,38
7512,31.11432000000001,121.19971000000001,1.0,8.5,15600,65,2015,23.0,2,58
7513,31.048068,121.186423,1.0,1.6,100775,300,2006,208.0,9,37
7514,31.046224,121.194353,0.0,2.0,70000,270,2006,11.0,5,46
7515,31.039240000000003,121.195801,0.0,1.15,74500,460,2005,584.0,63,51
7516,31.032725,121.19651299999998,1.0,2.1,82000,338,2006,13.0,7,51
7517,31.087569000000002,121.360178,1.0,1.9,167000,465,2000,256.0,6,42
7518,31.08396500000001,121.343503,0.0,3.2,120000,539,2011,11.0,42,45
7520,31.067496000000002,121.323599,0.0,1.3,70000,874,2007,262.0,28,35
7521,31.033725,121.24938999999999,0.0,0.8,220000,1000,2006,782.0,15,40
7522,31.023163,121.20466200000001,0.0,1.35,255000,2635,2013,840.0,18,40
7523,31.032662,121.20575500000001,0.0,2.5,17500,1025,2005,612.0,8,55
7525,31.130373,121.330274,0.0,1.45,50000,632,2006,350.0,16,20
7526,31.031871999999996,121.209319,0.0,0.9,290000,986,2006,800.0,8,40
7527,31.139398,121.322448,0.0,1.6,330000,588,2006,485.0,184,50
7528,31.095895000000002,121.32583899999999,1.0,2.1,2000000,856,2006,367.0,7,35
7530,31.057325,121.193096,0.0,1.8,80000,440,2005,440.0,9,55
7531,31.04154500000001,121.242309,0.0,1.3,45000,463,2005,288.0,16,48
7533,31.049121000000003,121.20022900000001,0.0,0.5,180000,1200,2008,450.0,96,42
7534,31.09890900000001,121.34725900000001,0.0,0.95,31178,429,2007,120.0,15,30
7537,31.103559000000004,121.367375,1.0,2.48,189620,532,2003,12.0,38,65
7538,31.099399,121.352718,1.0,1.4,42000,700,1999,523.0,5,48
7539,31.096473,121.339874,1.0,2.8,71000,159,2003,100.0,5,60
7540,31.098571000000003,121.346351,0.0,1.2,1873,67,2004,30.0,11,35
7562,31.12237600000001,121.283896,0.0,0.7,82000,176,2005,40.0,131,35
7563,31.138519,121.31914499999999,0.0,2.8,60000,158,2004,750.0,36,68
7568,31.091514,121.23879699999999,0.0,2.0,77000,690,2009,345.0,141,30
7572,31.032846999999997,121.239127,0.0,1.1,250000,1900,2009,546.0,2,50
7578,31.144046000000003,121.342673,1.0,1.85,220014,152,2002,500.0,9,52
7579,31.039543,121.21596100000001,0.0,1.35,228400,1650,2004,800.0,25,35
7585,31.044125,121.20861699999999,1.0,1.6,52000,172,2004,100.0,56,57
7593,31.068733,121.32228899999998,0.0,1.2,34000,422,2006,31.0,276,40
7594,31.115516999999997,121.282552,0.0,0.7,34000,148,2004,42.0,13,30
7605,31.056464000000002,121.25205600000001,0.0,0.6,34400,430,2000,200.0,18,46
7607,31.023983,121.22231299999999,0.0,1.0,70000,3380,2005,280.0,19,45
7608,31.040765999999998,121.12626599999999,0.0,0.5,150000,420,2000,356.0,16,30
7609,31.018041999999998,121.20615,0.0,1.5,20000,532,1996,250.0,19,35
7611,31.021240000000002,121.23051000000001,0.0,0.6,38400,480,1985,210.0,19,35
7614,31.090552000000002,121.204024,1.0,4.5,37154,47,2015,380.0,2,78
7615,31.069879999999998,121.317093,0.0,1.0,35000,363,2007,258.0,21,30
7645,31.079031,121.335926,1.0,2.2,37160,239,2009,11.0,8,35
7647,31.0677,121.32169499999999,0.0,1.35,88000,200,2008,400.0,28,45
7650,31.012037,121.25640700000001,0.0,1.2,52800,660,1980,120.0,16,35
7653,31.038486,121.19225700000001,0.0,1.15,74500,298,2008,280.0,63,35
7655,31.043609000000004,121.21188400000001,1.0,1.5,76000,758,2004,450.0,12,36
7656,31.036359,121.23944099999999,0.0,0.6,120000,850,2002,176.0,12,35
7658,31.106975,121.20149599999999,0.0,0.5,19260,200,1997,220.0,18,35
7659,31.024357000000002,121.237898,0.0,0.6,38400,480,2000,198.0,18,30
7660,31.035805,121.24331699999999,0.0,0.8,40400,140,2000,98.0,21,38
7662,31.107578000000004,121.181193,0.0,0.8,24000,193,2005,220.0,98,46
7663,31.043772999999998,121.24003700000002,0.0,1.3,120000,2000,2006,460.0,29,48
7664,31.01561400000001,121.258329,0.0,1.5,165000,2062,2011,700.0,14,35
7738,31.02337,121.21609,0.0,0.38,103201,632,2011,454.0,16,30
7740,31.037553999999997,121.254282,0.0,0.8,21372,290,1996,310.0,16,35
7741,31.020941999999998,121.21668899999999,1.0,1.0,75000,478,2005,258.0,55,43
7745,31.125032,121.284811,0.0,0.8,20800,260,1988,180.0,12,35
7746,31.036272999999998,121.25478400000001,0.0,1.2,50800,635,2003,120.0,22,30
7748,31.068682,121.26563700000001,0.0,0.6,71474,714,2009,350.0,16,28
7749,31.034196,121.254522,0.0,1.0,20000,180,1999,49.0,2,28
7750,31.014082000000002,121.234682,0.0,0.8,26000,428,2008,228.0,16,34
7753,31.115291999999997,121.32033799999999,0.0,0.3,120000,330,2008,236.0,16,28
7754,31.012071999999996,121.26438300000001,0.0,0.6,42000,109,2008,236.0,18,40
7755,31.030604999999998,121.202699,0.0,1.2,50000,309,2005,150.0,8,50
7756,31.035956,121.196202,1.0,2.8,44800,118,2010,118.0,37,50
7759,31.041109999999996,121.24000900000001,0.0,0.7,46172,570,2000,400.0,8,35
7761,31.030562,121.221277,0.0,2.4,42000,199,2003,160.0,14,50
7762,31.019417999999998,121.22696499999999,0.0,0.6,39200,490,1994,45.0,2,35
7763,31.007851000000002,121.255155,0.0,0.5,26880,336,2000,80.0,18,33
7764,31.019057,121.25934299999999,0.0,0.5,41760,523,1996,200.0,12,32
7765,31.122511,121.26851299999998,0.0,0.8,50000,490,2005,200.0,11,45
7767,31.032427000000002,121.24444,0.0,0.8,28800,2980,2002,210.0,18,30
7768,31.020723999999998,121.263056,0.0,0.5,125000,900,1996,250.0,15,32
7769,31.022129,121.205124,0.0,0.5,86,1200,2003,350.0,15,42
7770,31.030781,121.234755,0.0,0.5,10231,460,2000,210.0,14,27
7773,31.118335,121.27859699999999,0.0,0.6,150000,396,2000,200.0,16,30
7774,31.025993,121.24476100000001,0.0,0.6,6862,72,2000,32.0,136,35
7777,31.0088,121.217215,0.0,0.35,37440,468,2000,220.0,16,35
7778,31.122409,121.289948,0.0,0.6,49600,620,2001,250.0,16,35
7781,31.059675,121.31306599999999,1.0,8.0,66000,89,2004,12.0,3,61
7782,31.02368400000001,121.20749199999999,0.0,1.5,100000,852,2005,528.0,16,35
7783,31.02035900000001,121.250505,0.0,0.5,100000,300,2005,700.0,13,35
7785,31.047525,121.206973,0.0,2.1,20000,263,2004,836.0,12,60
7974,31.100489000000003,121.279133,0.0,1.2,209200,120,2006,851.0,12,30
7982,31.091205,121.35311899999999,0.0,2.1,345936,847,2011,736.0,105,35
7987,31.139290999999997,121.34196599999999,0.0,1.2,255000,350,2001,238.0,93,50
7996,31.068806,121.322051,0.0,1.35,34111,424,2000,146.0,17,35
7999,31.112578999999997,121.24318500000001,0.0,0.57,41920,524,2006,85.0,22,40
